Timestamp,Output
2020-01-21T19:09:13.878Z,0
2020-01-21T17:12:14.172Z,0
2020-01-21T15:15:14.591Z,0
2020-01-21T13:18:15.747Z,0
2020-01-21T11:21:17.262Z,0
2020-01-21T09:24:19.964Z,0
2020-01-21T07:27:22.474Z,0
2020-01-21T05:30:23.869Z,0
2020-01-21T03:33:23.974Z,0
2020-01-21T01:36:23.747Z,0
2020-01-20T23:39:23.557Z,0
2020-01-20T21:42:23.196Z,0
2020-01-20T19:45:22.523Z,0
2020-01-20T17:48:22.808Z,0
2020-01-20T15:51:22.372Z,0
2020-01-20T13:54:23.463Z,0
2020-01-20T11:57:25.211Z,0
2020-01-20T10:00:26.534Z,0
2020-01-20T08:03:27.347Z,0
2020-01-20T06:06:27.441Z,0
2020-01-20T04:09:26.295Z,0
2020-01-20T02:12:24.664Z,0
2020-01-20T00:15:22.229Z,0
2020-01-19T22:18:20.065Z,0
2020-01-19T20:21:17.070Z,0
2020-01-19T18:24:13.841Z,0
2020-01-19T16:27:11.486Z,0
2020-01-19T14:30:09.676Z,0
2020-01-19T12:33:07.853Z,0
2020-01-19T10:36:05.206Z,0
2020-01-19T08:39:02.010Z,0
2020-01-19T06:41:59.034Z,0
2020-01-19T04:44:56.296Z,0
2020-01-19T02:47:52.901Z,0
2020-01-19T00:50:48.947Z,0
2020-01-18T22:53:45.286Z,0
2020-01-18T20:56:41.743Z,0
2020-01-18T18:59:38.427Z,0
2020-01-18T17:02:35.122Z,0
2020-01-18T14:37:04.094Z,0
2020-01-18T12:40:03.016Z,0
2020-01-18T10:43:01.757Z,0
2020-01-18T08:46:00.524Z,0
2020-01-18T06:48:59.344Z,0
2020-01-18T04:51:57.218Z,0
2020-01-18T02:54:54.562Z,0
2020-01-18T00:57:51.184Z,0
2020-01-17T23:00:47.369Z,0
2020-01-17T21:03:44.907Z,0
2020-01-17T19:06:42.310Z,0
2020-01-17T17:09:40.047Z,0
2020-01-17T15:12:37.282Z,0
2020-01-17T13:15:33.798Z,0
2020-01-17T11:18:30.023Z,0
2020-01-17T09:21:26.786Z,0
2020-01-17T07:24:23.225Z,0
2020-01-17T05:27:19.343Z,0
2020-01-17T03:30:14.749Z,0
2020-01-17T01:33:09.025Z,0
2020-01-16T23:36:03.342Z,0
2020-01-16T21:38:58.743Z,0
2020-01-16T19:41:52.226Z,0
2020-01-16T17:44:46.861Z,0
2020-01-16T15:47:41.308Z,0
2020-01-16T13:50:35.255Z,0
2020-01-16T11:53:28.347Z,0
2020-01-16T09:56:21.511Z,0
2020-01-16T07:59:14.269Z,0
2020-01-16T06:02:06.587Z,0
2020-01-16T04:04:58.434Z,0
2020-01-16T02:07:50.108Z,0
2020-01-16T00:10:42.347Z,0
2020-01-15T22:13:35.104Z,0
2020-01-15T20:16:28.706Z,0
2020-01-15T18:19:23.036Z,0
2020-01-15T16:22:18.045Z,0
2020-01-15T14:25:13.364Z,0
2020-01-15T12:28:08.718Z,0
2020-01-15T10:31:04.359Z,0
2020-01-15T08:34:00.144Z,0
2020-01-15T06:36:55.634Z,0
2020-01-14T22:48:35.362Z,0
2020-01-14T20:51:30.855Z,0
2020-01-14T18:54:26.368Z,0
2020-01-14T01:20:41.253Z,0
2019-12-05T01:02:21.319Z,0
2019-12-04T23:05:19.478Z,0
2019-12-04T21:08:17.724Z,0
2019-12-04T19:11:16.036Z,0
2019-12-04T17:14:14.666Z,0
2019-12-04T15:17:13.751Z,0
2019-12-04T13:20:13.256Z,0
2019-12-04T11:23:12.698Z,0
2019-12-04T11:23:07.762Z,1
2019-12-04T11:03:55.716Z,0
2019-12-04T11:03:46.478Z,1
2019-12-04T10:39:40.826Z,0
2019-12-04T08:42:40.840Z,0
2019-12-04T06:45:40.189Z,0
2019-12-04T04:48:39.118Z,0
2019-12-04T02:51:37.445Z,0
2019-12-04T00:54:35.816Z,0
2019-12-03T22:57:33.361Z,0
2019-12-03T21:00:31.864Z,0
2019-12-03T19:03:30.616Z,0
2019-12-03T17:06:29.525Z,0
2019-12-03T15:09:28.689Z,0
2019-12-03T13:12:28.461Z,0
2019-12-03T11:15:26.215Z,0
2019-12-03T11:06:18.713Z,1
2019-12-03T11:05:31.674Z,0
2019-12-03T11:05:26.274Z,1
2019-12-03T09:41:38.377Z,0
2019-12-03T07:44:37.874Z,0
2019-12-03T05:47:36.924Z,0
2019-12-03T03:50:35.398Z,0
2019-12-03T01:53:34.135Z,0
2019-12-02T23:56:32.507Z,0
2019-12-02T21:59:31.185Z,0
2019-12-02T21:59:23.121Z,1
2019-12-02T21:00:38.768Z,0
2019-12-02T19:03:37.310Z,0
2019-12-02T17:06:35.871Z,0
2019-12-02T15:09:34.057Z,0
2019-12-02T13:12:32.113Z,0
2019-12-02T11:15:29.738Z,0
2019-12-02T11:15:23.775Z,1
2019-12-02T11:04:04.115Z,0
2019-12-02T11:03:58.143Z,1
2019-12-02T09:56:11.543Z,0
2019-12-02T09:56:06.593Z,0
2019-12-02T09:49:17.438Z,0
2019-12-02T07:52:14.939Z,0
2019-12-01T23:56:53.294Z,0
2019-12-01T21:59:48.080Z,0
2019-12-01T20:02:42.455Z,0
2019-12-01T18:05:37.058Z,0
2019-12-01T16:08:32.192Z,0
2019-12-01T14:11:27.462Z,0
2019-12-01T14:11:03.844Z,1
2019-12-01T12:37:30.163Z,0
2019-12-01T10:40:25.197Z,0
2019-12-01T08:43:20.026Z,0
2019-12-01T06:46:14.473Z,0
2019-12-01T04:49:08.294Z,0
2019-12-01T02:52:01.635Z,0
2019-12-01T00:54:54.362Z,0
2019-12-01T00:54:11.190Z,1
2019-11-30T23:24:47.178Z,0
2019-11-30T21:27:42.585Z,0
2019-11-30T21:27:23.886Z,1
2019-11-30T21:19:18.610Z,0
2019-11-30T21:19:08.272Z,1
2019-11-30T20:42:53.440Z,0
2019-11-30T20:42:50.427Z,1
2019-11-30T20:42:49.422Z,0
2019-11-30T20:42:30.124Z,1
2019-11-30T20:42:27.256Z,0
2019-11-30T20:15:54.508Z,1
2019-11-30T18:18:51.036Z,1
2019-11-30T16:30:53.547Z,0
2019-11-30T14:33:51.079Z,0
2019-11-30T12:36:48.739Z,0
2019-11-30T10:39:46.888Z,0
2019-11-30T08:42:45.050Z,0
2019-11-30T06:45:42.526Z,0
2019-11-30T04:48:38.913Z,0
2019-11-30T02:51:34.395Z,0
2019-11-30T00:54:30.127Z,0
2019-11-30T00:54:25.792Z,1
2019-11-30T00:54:23.121Z,0
2019-11-30T00:52:32.785Z,1
2019-11-30T00:24:18.923Z,0
2019-11-29T22:27:15.245Z,0
2019-11-29T20:30:11.492Z,0
2019-11-29T18:33:08.434Z,0
2019-11-29T16:36:05.724Z,0
2019-11-29T14:39:03.444Z,0
2019-11-29T12:42:01.684Z,0
2019-11-29T10:44:59.997Z,0
2019-11-29T08:47:57.966Z,0
2019-11-29T06:50:55.842Z,0
2019-11-29T04:53:53.264Z,0
2019-11-29T02:56:49.860Z,0
2019-11-29T00:59:45.542Z,0
2019-11-28T23:02:42.254Z,0
2019-11-28T21:05:39.094Z,0
2019-11-28T19:08:34.682Z,0
2019-11-28T17:11:30.442Z,0
2019-11-28T15:14:26.217Z,0
2019-11-28T13:17:22.725Z,0
2019-11-28T11:20:21.033Z,0
2019-11-28T09:23:18.972Z,0
2019-11-28T07:26:16.635Z,0
2019-11-28T05:29:13.146Z,0
2019-11-28T03:32:08.711Z,0
2019-11-28T01:35:03.760Z,0
2019-11-27T23:37:58.137Z,0
2019-11-27T23:37:49.524Z,1
2019-11-27T22:04:54.476Z,0
2019-11-27T20:07:49.360Z,0
2019-11-27T18:10:44.923Z,0
2019-11-27T16:13:41.150Z,0
2019-11-27T16:12:13.720Z,1
2019-11-27T16:02:30.367Z,0
2019-11-27T14:05:27.080Z,0
2019-11-27T12:08:24.142Z,0
2019-11-27T10:11:21.488Z,0
2019-11-27T08:14:18.770Z,0
2019-11-27T06:17:15.942Z,0
2019-11-27T04:20:13.029Z,0
2019-11-27T02:23:09.992Z,0
2019-11-27T00:26:07.073Z,0
2019-11-26T22:29:04.350Z,0
2019-11-26T20:32:01.409Z,0
2019-11-26T18:34:58.146Z,0
2019-11-26T16:37:55.594Z,0
2019-11-26T14:40:53.423Z,0
2019-11-26T12:43:51.927Z,0
2019-11-26T10:46:51.006Z,0
2019-11-26T08:49:50.329Z,0
2019-11-26T06:52:49.405Z,0
2019-11-26T04:55:48.397Z,0
2019-11-26T02:58:47.563Z,0
2019-11-26T01:01:45.233Z,0
2019-11-25T23:04:42.595Z,0
2019-11-25T21:07:39.631Z,0
2019-11-25T19:10:36.386Z,0
2019-11-25T17:13:33.309Z,0
2019-11-25T15:16:30.871Z,0
2019-11-25T13:19:28.799Z,0
2019-11-25T11:22:27.426Z,0
2019-11-25T09:25:26.520Z,0
2019-11-25T07:28:25.326Z,0
2019-11-25T05:31:24.043Z,0
2019-11-25T03:34:22.009Z,0
2019-11-25T01:37:19.219Z,0
2019-11-24T23:40:16.653Z,0
2019-11-24T21:43:13.916Z,0
2019-11-24T19:46:11.043Z,0
2019-11-24T17:49:08.031Z,0
2019-11-24T15:52:06.004Z,0
2019-11-24T13:55:04.343Z,0
2019-11-24T11:58:02.589Z,0
2019-11-24T10:01:00.571Z,0
2019-11-24T08:03:58.354Z,0
2019-11-24T06:06:55.406Z,0
2019-11-24T04:09:51.293Z,0
2019-11-24T02:12:47.003Z,0
2019-11-24T00:15:42.372Z,0
2019-11-23T22:18:37.931Z,0
2019-11-23T20:21:33.891Z,0
2019-11-23T18:24:30.358Z,0
2019-11-23T16:27:27.255Z,0
2019-11-23T14:30:24.378Z,0
2019-11-23T12:33:21.623Z,0
2019-11-23T10:36:18.866Z,0
2019-11-23T08:39:16.021Z,0
2019-11-23T08:39:11.077Z,0
2019-11-23T06:42:07.875Z,0
2019-11-23T04:45:04.259Z,0
2019-11-23T02:48:00.494Z,0
2019-11-23T00:50:56.540Z,0
2019-11-22T22:53:53.075Z,0
2019-11-22T20:56:49.865Z,0
2019-11-22T18:59:46.836Z,0
2019-11-22T17:02:44.126Z,0
2019-11-22T15:05:41.592Z,0
2019-11-22T13:08:39.001Z,0
2019-11-22T11:11:36.644Z,0
2019-11-22T11:11:32.119Z,1
2019-11-22T11:05:13.073Z,0
2019-11-22T11:05:04.633Z,1
2019-11-22T10:39:30.205Z,0
2019-11-22T08:42:28.004Z,0
2019-11-22T06:45:25.653Z,0
2019-11-22T04:48:22.579Z,0
2019-11-22T02:51:18.986Z,0
2019-11-22T00:54:15.176Z,0
2019-11-21T22:57:11.807Z,0
2019-11-21T21:00:08.764Z,0
2019-11-21T19:03:05.979Z,0
2019-11-21T17:06:03.734Z,0
2019-11-21T15:09:01.420Z,0
2019-11-21T13:11:59.035Z,0
2019-11-21T11:14:56.901Z,0
2019-11-21T11:14:51.923Z,1
2019-11-21T11:14:50.130Z,0
2019-11-21T11:13:46.375Z,1
2019-11-21T11:04:52.221Z,0
2019-11-21T11:04:44.340Z,1
2019-11-21T11:01:13.839Z,0
2019-11-21T09:04:12.582Z,0
2019-11-21T07:07:11.282Z,0
2019-11-21T05:10:09.614Z,0
2019-11-21T03:13:07.289Z,0
2019-11-21T01:16:04.721Z,0
2019-11-20T23:19:02.315Z,0
2019-11-20T21:21:59.890Z,0
2019-11-20T19:24:57.552Z,0
2019-11-20T17:27:55.611Z,0
2019-11-20T15:30:53.830Z,0
2019-11-20T13:33:52.063Z,0
2019-11-20T11:36:49.978Z,0
2019-11-20T11:36:46.618Z,1
2019-11-20T11:02:50.524Z,0
2019-11-20T11:02:12.637Z,1
2019-11-20T10:37:11.537Z,0
2019-11-20T08:40:09.569Z,0
2019-11-20T06:43:07.266Z,0
2019-11-20T04:46:05.353Z,0
2019-11-20T02:49:02.704Z,0
2019-11-20T00:51:59.740Z,0
2019-11-19T22:54:55.893Z,0
2019-11-19T20:57:53.232Z,0
2019-11-19T19:00:50.622Z,0
2019-11-19T17:03:48.503Z,0
2019-11-19T15:06:46.477Z,0
2019-11-19T13:09:44.441Z,0
2019-11-19T11:12:42.122Z,0
2019-11-19T11:12:38.799Z,1
2019-11-19T11:03:13.509Z,0
2019-11-19T11:02:57.547Z,1
2019-11-19T10:37:29.017Z,0
2019-11-19T08:40:27.287Z,0
2019-11-19T06:43:25.096Z,0
2019-11-19T04:46:22.572Z,0
2019-11-19T02:49:19.751Z,0
2019-11-19T00:52:16.986Z,0
2019-11-18T22:55:14.418Z,0
2019-11-18T20:58:12.312Z,0
2019-11-18T19:01:09.694Z,0
2019-11-18T17:04:07.511Z,0
2019-11-18T15:07:05.616Z,0
2019-11-18T13:10:03.981Z,0
2019-11-18T11:13:01.414Z,0
2019-11-18T11:12:53.250Z,1
2019-11-18T11:05:57.222Z,0
2019-11-18T11:05:52.036Z,1
2019-11-18T10:50:54.985Z,0
2019-11-18T08:53:52.320Z,0
2019-11-18T06:56:49.839Z,0
2019-11-18T04:59:46.579Z,0
2019-11-18T03:02:42.700Z,0
2019-11-18T03:02:35.603Z,1
2019-11-18T02:24:50.527Z,0
2019-11-18T00:27:46.008Z,0
2019-11-18T00:26:47.259Z,1
2019-11-17T23:19:54.364Z,0
2019-11-17T23:16:37.318Z,1
2019-11-17T23:15:29.120Z,0
2019-11-17T23:15:22.566Z,1
2019-11-17T21:23:30.429Z,0
2019-11-17T19:26:27.785Z,0
2019-11-17T17:29:25.495Z,0
2019-11-17T15:32:23.715Z,0
2019-11-17T13:35:20.811Z,0
2019-11-17T11:38:19.048Z,0
2019-11-17T09:41:17.252Z,0
2019-11-17T07:44:15.451Z,0
2019-11-17T05:47:13.587Z,0
2019-11-17T03:50:11.645Z,0
2019-11-17T01:53:09.834Z,0
2019-11-16T23:56:05.938Z,0
2019-11-16T21:59:03.356Z,0
2019-11-16T20:02:00.914Z,0
2019-11-16T19:57:36.433Z,1
2019-11-16T18:04:39.813Z,0
2019-11-16T16:07:37.653Z,0
2019-11-16T14:10:35.658Z,0
2019-11-16T12:13:33.821Z,0
2019-11-16T10:16:31.973Z,0
2019-11-16T08:19:30.394Z,0
2019-11-16T06:22:28.525Z,0
2019-11-16T04:25:26.178Z,0
2019-11-16T02:28:23.484Z,0
2019-11-16T00:31:20.180Z,0
2019-11-15T22:34:17.527Z,0
2019-11-15T22:29:40.291Z,1
2019-11-15T21:00:45.444Z,0
2019-11-15T19:03:43.885Z,0
2019-11-15T17:06:42.654Z,0
2019-11-15T15:09:41.340Z,0
2019-11-15T13:12:39.972Z,0
2019-11-15T13:12:35.050Z,0
2019-11-15T11:15:33.645Z,0
2019-11-15T11:15:24.940Z,1
2019-11-15T11:06:46.805Z,0
2019-11-15T11:05:26.772Z,1
2019-11-15T10:47:25.338Z,0
2019-11-15T08:50:24.342Z,0
2019-11-15T06:53:23.211Z,0
2019-11-15T04:56:22.109Z,0
2019-11-15T02:59:20.778Z,0
2019-11-15T01:02:19.357Z,0
2019-11-14T23:05:18.122Z,0
2019-11-14T21:08:16.871Z,0
2019-11-14T19:11:15.652Z,0
2019-11-14T19:11:10.837Z,0
2019-11-14T17:14:10.085Z,0
2019-11-14T15:17:09.657Z,0
2019-11-14T13:20:09.066Z,0
2019-11-14T11:23:08.157Z,0
2019-11-14T11:23:01.411Z,1
2019-11-14T11:05:05.295Z,0
2019-11-14T11:04:23.838Z,1
2019-11-14T09:28:19.370Z,0
2019-11-14T07:31:19.421Z,0
2019-11-14T05:34:18.690Z,0
2019-11-14T03:37:18.556Z,0
2019-11-14T01:40:18.242Z,0
2019-11-13T23:43:17.755Z,0
2019-11-13T21:46:16.451Z,0
2019-11-13T21:37:32.494Z,1
2019-11-13T20:54:48.828Z,0
2019-11-13T18:57:47.782Z,0
2019-11-13T17:00:48.223Z,0
2019-11-13T15:03:49.182Z,0
2019-11-13T13:06:50.388Z,0
2019-11-13T11:09:50.871Z,0
2019-11-13T11:09:45.586Z,1
2019-11-13T11:06:48.290Z,0
2019-11-13T11:04:21.548Z,1
2019-11-13T10:49:03.995Z,0
2019-11-13T08:52:02.311Z,0
2019-11-13T06:55:00.649Z,0
2019-11-13T04:57:58.562Z,0
2019-11-13T03:00:55.996Z,0
2019-11-13T01:03:53.448Z,0
2019-11-12T23:06:51.172Z,0
2019-11-12T21:09:47.118Z,0
2019-11-12T19:12:44.102Z,0
2019-11-12T17:15:40.743Z,0
2019-11-12T17:15:35.914Z,0
2019-11-12T15:18:32.758Z,0
2019-11-12T13:21:29.290Z,0
2019-11-12T11:24:25.837Z,0
2019-11-12T11:24:04.814Z,1
2019-11-12T11:04:12.270Z,0
2019-11-12T11:04:06.262Z,0
2019-11-12T11:03:51.890Z,1
2019-11-12T09:27:15.564Z,0
2019-11-12T07:30:12.160Z,0
2019-11-12T04:57:58.521Z,0
2019-11-12T03:00:54.141Z,0
2019-11-12T01:03:50.192Z,0
2019-11-11T23:06:46.535Z,0
2019-11-11T21:09:42.858Z,0
2019-11-11T19:12:39.081Z,0
2019-11-11T17:15:35.712Z,0
2019-11-11T15:18:32.419Z,0
2019-11-11T13:21:29.272Z,0
2019-11-11T11:24:26.221Z,0
2019-11-11T11:24:21.135Z,1
2019-11-11T11:07:16.555Z,0
2019-11-11T11:06:21.796Z,1
2019-11-11T09:20:10.070Z,0
2019-11-11T07:23:07.041Z,0
2019-11-11T05:26:03.430Z,0
2019-11-11T03:28:59.280Z,0
2019-11-11T01:31:54.518Z,0
2019-11-11T01:12:28.833Z,1
2019-11-11T00:55:11.613Z,0
2019-11-10T22:58:07.449Z,0
2019-11-10T22:54:27.731Z,1
2019-11-10T20:57:42.920Z,0
2019-11-10T19:00:38.581Z,0
2019-11-10T17:03:34.348Z,0
2019-11-10T15:06:30.418Z,0
2019-11-10T13:09:26.650Z,0
2019-11-10T11:12:23.399Z,0
2019-11-10T09:15:19.929Z,0
2019-11-10T07:18:16.314Z,0
2019-11-10T05:21:12.443Z,0
2019-11-10T03:24:08.428Z,0
2019-11-10T01:27:04.402Z,0
2019-11-09T23:30:00.702Z,0
2019-11-09T21:32:56.992Z,0
2019-11-09T19:35:52.789Z,0
2019-11-09T18:35:55.163Z,1
2019-11-09T18:33:18.687Z,0
2019-11-09T18:33:15.353Z,1
2019-11-09T18:28:25.041Z,0
2019-11-09T18:22:28.418Z,1
2019-11-09T18:21:16.090Z,0
2019-11-09T18:20:58.555Z,1
2019-11-09T16:50:38.664Z,0
2019-11-09T14:53:35.365Z,0
2019-11-09T12:56:32.649Z,0
2019-11-09T10:59:29.612Z,0
2019-11-09T09:02:26.512Z,0
2019-11-09T06:45:15.984Z,0
2019-11-09T04:48:12.467Z,0
2019-11-09T02:51:08.888Z,0
2019-11-09T00:54:04.532Z,0
2019-11-08T22:56:59.550Z,0
2019-11-08T20:59:54.577Z,0
2019-11-08T19:02:49.487Z,0
2019-11-08T17:05:44.393Z,0
2019-11-08T15:08:39.342Z,0
2019-11-08T13:11:34.413Z,0
2019-11-08T11:14:29.112Z,0
2019-11-08T11:05:40.950Z,1
2019-11-08T11:05:30.929Z,0
2019-11-08T11:05:20.542Z,1
2019-11-08T10:38:13.492Z,0
2019-11-08T08:41:07.706Z,0
2019-11-08T06:44:02.062Z,0
2019-11-08T04:46:55.903Z,0
2019-11-08T02:49:50.235Z,0
2019-11-08T00:52:44.952Z,0
2019-11-07T22:55:39.855Z,0
2019-11-07T20:58:34.795Z,0
2019-11-07T19:01:29.760Z,0
2019-11-07T17:04:24.748Z,0
2019-11-07T15:07:19.825Z,0
2019-11-07T13:10:15.029Z,0
2019-11-07T11:13:10.599Z,0
2019-11-07T11:13:06.599Z,1
2019-11-07T11:05:59.267Z,0
2019-11-07T11:05:42.443Z,1
2019-11-07T09:11:32.614Z,0
2019-11-07T07:14:28.324Z,0
2019-11-07T05:17:23.821Z,0
2019-11-07T03:20:18.371Z,0
2019-11-07T01:23:12.916Z,0
2019-11-06T22:55:58.055Z,0
2019-11-06T20:58:52.713Z,0
2019-11-06T19:01:47.940Z,0
2019-11-06T17:04:43.633Z,0
2019-11-06T15:07:39.796Z,0
2019-11-06T13:10:34.425Z,0
2019-11-06T11:13:30.135Z,0
2019-11-06T11:13:26.638Z,1
2019-11-06T11:02:07.734Z,0
2019-11-06T11:02:00.964Z,1
2019-11-06T10:04:05.290Z,0
2019-11-06T08:07:01.257Z,0
2019-11-06T06:09:57.028Z,0
2019-11-06T04:12:51.630Z,0
2019-11-06T02:15:46.195Z,0
2019-11-06T00:18:40.644Z,0
2019-11-05T22:21:35.047Z,0
2019-11-05T20:24:29.446Z,0
2019-11-05T18:27:23.960Z,0
2019-11-05T16:30:18.500Z,0
2019-11-05T15:52:30.234Z,1
2019-11-05T14:53:08.091Z,0
2019-11-05T12:56:03.426Z,0
2019-11-05T10:58:58.754Z,0
2019-11-05T09:01:54.249Z,0
2019-11-05T07:04:49.758Z,0
2019-11-05T05:07:45.179Z,0
2019-11-05T03:10:40.168Z,0
2019-11-05T01:13:34.616Z,0
2019-11-04T23:16:29.691Z,0
2019-11-04T21:19:24.651Z,0
2019-11-04T21:19:20.338Z,1
2019-11-04T21:16:38.959Z,0
2019-11-04T21:16:34.969Z,1
2019-11-04T19:55:45.234Z,0
2019-11-04T17:58:40.471Z,0
2019-11-04T16:01:35.953Z,0
2019-11-04T14:04:31.506Z,0
2019-11-04T12:07:27.285Z,0
2019-11-04T12:06:55.718Z,1
2019-11-04T11:14:33.086Z,0
2019-11-04T11:14:29.046Z,1
2019-11-04T11:05:52.286Z,0
2019-11-04T11:05:42.291Z,1
2019-11-04T10:52:53.353Z,0
2019-11-04T08:55:48.668Z,0
2019-11-04T05:23:20.366Z,0
2019-11-04T03:26:12.873Z,0
2019-11-04T01:29:04.993Z,0
2019-11-03T23:31:57.112Z,0
2019-11-03T21:34:48.728Z,0
2019-11-03T19:37:42.304Z,0
2019-11-03T17:40:36.320Z,0
2019-11-03T15:43:29.839Z,0
2019-11-03T13:46:24.465Z,0
2019-11-03T11:49:19.761Z,0
2019-11-03T09:52:14.830Z,0
2019-11-03T07:55:09.573Z,0
2019-11-03T05:58:04.169Z,0
2019-11-03T04:00:58.404Z,0
2019-11-03T02:03:52.664Z,0
2019-11-03T00:06:46.819Z,0
2019-11-02T22:09:40.707Z,0
2019-11-02T22:09:36.795Z,1
2019-11-02T22:09:35.691Z,0
2019-11-02T22:09:23.158Z,1
2019-11-02T22:09:18.159Z,1
2019-11-02T21:18:26.448Z,0
2019-11-02T19:21:20.101Z,0
2019-11-02T17:24:14.130Z,0
2019-11-02T15:27:07.551Z,0
2019-11-02T15:27:01.418Z,1
2019-11-02T15:26:47.532Z,0
2019-11-02T15:26:43.981Z,1
2019-11-02T14:37:39.734Z,0
2019-11-02T12:40:33.172Z,0
2019-11-02T10:43:26.988Z,0
2019-11-02T08:46:20.945Z,0
2019-11-02T06:49:14.477Z,0
2019-11-02T04:52:07.775Z,0
2019-11-02T02:55:00.362Z,0
2019-11-02T00:57:52.833Z,0
2019-11-01T23:00:45.344Z,0
2019-11-01T21:03:37.811Z,0
2019-11-01T19:06:30.441Z,0
2019-11-01T17:09:23.478Z,0
2019-11-01T15:12:16.574Z,0
2019-11-01T13:15:09.621Z,0
2019-11-01T11:18:02.557Z,0
2019-11-01T11:17:23.037Z,1
2019-11-01T10:15:28.871Z,0
2019-11-01T10:15:23.896Z,1
2019-11-01T10:04:43.292Z,0
2019-11-01T10:04:32.465Z,1
2019-11-01T08:57:45.313Z,0
2019-11-01T07:00:38.451Z,0
2019-11-01T05:03:31.636Z,0
2019-11-01T03:06:24.815Z,0
2019-11-01T03:03:54.524Z,1
2019-11-01T01:21:01.184Z,0
2019-11-01T01:20:56.806Z,1
2019-11-01T01:20:52.677Z,0
2019-11-01T01:18:44.007Z,1
2019-11-01T01:13:58.555Z,0
2019-11-01T01:13:37.872Z,1
2019-11-01T00:50:30.661Z,0
2019-11-01T00:50:30.253Z,1
2019-11-01T00:50:29.950Z,0
2019-11-01T00:50:12.540Z,1
2019-11-01T00:37:14.266Z,0
2019-11-01T00:36:32.770Z,1
2019-11-01T00:35:12.254Z,0
2019-11-01T00:34:49.214Z,1
2019-11-01T00:23:26.937Z,0
2019-11-01T00:19:03.387Z,1
2019-10-31T23:48:22.470Z,0
2019-10-31T23:46:17.045Z,1
2019-10-31T23:30:37.702Z,0
2019-10-31T23:30:08.013Z,1
2019-10-31T23:27:45.054Z,0
2019-10-31T23:27:03.161Z,1
2019-10-31T23:02:56.626Z,0
2019-10-31T23:02:49.493Z,1
2019-10-31T22:59:25.366Z,0
2019-10-31T22:58:56.023Z,1
2019-10-31T22:48:20.869Z,0
2019-10-31T22:48:14.744Z,1
2019-10-31T22:47:42.589Z,0
2019-10-31T22:35:31.213Z,1
2019-10-31T22:33:47.922Z,0
2019-10-31T21:26:10.450Z,1
2019-10-31T20:02:17.700Z,0
2019-10-31T18:05:04.973Z,0
2019-10-31T16:07:51.852Z,0
2019-10-31T16:06:21.065Z,1
2019-10-31T16:04:41.455Z,0
2019-10-31T14:07:29.024Z,0
2019-10-31T12:10:16.882Z,0
2019-10-31T10:13:04.786Z,0
2019-10-31T10:12:58.406Z,1
2019-10-31T10:07:35.768Z,0
2019-10-31T10:07:26.984Z,1
2019-10-31T09:55:35.194Z,0
2019-10-31T07:58:23.632Z,0
2019-10-31T06:01:12.011Z,0
2019-10-31T04:03:59.572Z,0
2019-10-31T04:03:54.584Z,0
2019-10-31T02:06:43.102Z,0
2019-10-31T00:09:30.923Z,0
2019-10-31T00:08:43.088Z,1
2019-10-30T22:19:48.708Z,0
2019-10-30T20:22:37.014Z,0
2019-10-30T18:25:25.315Z,0
2019-10-30T16:28:13.495Z,0
2019-10-30T14:31:01.574Z,0
2019-10-30T12:33:49.827Z,0
2019-10-30T10:36:38.249Z,0
2019-10-30T10:36:33.481Z,1
2019-10-30T10:04:33.899Z,0
2019-10-30T10:04:24.335Z,1
2019-10-30T09:38:09.259Z,0
2019-10-30T07:40:58.192Z,0
2019-10-30T05:43:47.116Z,0
2019-10-30T03:46:35.922Z,0
2019-10-30T01:49:24.733Z,0
2019-10-29T23:52:13.879Z,0
2019-10-29T21:55:02.956Z,0
2019-10-29T19:57:53.372Z,0
2019-10-29T18:00:44.221Z,0
2019-10-29T16:03:35.545Z,0
2019-10-29T14:06:26.834Z,0
2019-10-29T12:09:17.798Z,0
2019-10-29T10:12:08.518Z,0
2019-10-29T10:12:03.102Z,1
2019-10-29T10:04:12.717Z,0
2019-10-29T10:03:54.124Z,1
2019-10-29T09:45:36.208Z,0
2019-10-29T07:48:26.990Z,0
2019-10-29T05:51:17.403Z,0
2019-10-29T03:54:07.548Z,0
2019-10-29T01:56:57.288Z,0
2019-10-28T23:59:47.146Z,0
2019-10-28T22:02:37.367Z,0
2019-10-28T20:05:28.156Z,0
2019-10-28T18:08:19.556Z,0
2019-10-28T16:11:11.885Z,0
2019-10-28T14:14:04.595Z,0
2019-10-28T12:16:56.921Z,0
2019-10-28T10:19:48.605Z,0
2019-10-28T10:19:44.290Z,1
2019-10-28T10:04:13.278Z,0
2019-10-28T10:03:56.749Z,1
2019-10-28T08:32:44.627Z,0
2019-10-28T06:35:35.428Z,0
2019-10-28T04:38:25.313Z,0
2019-10-28T02:41:14.344Z,0
2019-10-28T00:44:02.993Z,0
2019-10-27T22:46:51.379Z,0
2019-10-27T20:49:40.370Z,0
2019-10-27T18:52:29.066Z,0
2019-10-27T16:55:18.567Z,0
2019-10-27T14:58:08.292Z,0
2019-10-27T13:00:58.106Z,0
2019-10-27T11:03:47.555Z,0
2019-10-27T09:06:36.521Z,0
2019-10-27T07:09:24.868Z,0
2019-10-27T05:12:12.924Z,0
2019-10-27T03:15:00.733Z,0
2019-10-27T01:17:48.433Z,0
2019-10-26T23:20:35.725Z,0
2019-10-26T21:23:23.738Z,0
2019-10-26T19:26:12.031Z,0
2019-10-26T17:29:00.792Z,0
2019-10-26T15:31:50.298Z,0
2019-10-26T13:34:40.338Z,0
2019-10-26T11:37:30.452Z,0
2019-10-26T09:40:21.021Z,0
2019-10-26T07:43:11.552Z,0
2019-10-26T05:46:01.791Z,0
2019-10-26T03:48:51.538Z,0
2019-10-26T01:51:41.071Z,0
2019-10-25T23:54:31.837Z,0
2019-10-25T21:57:23.771Z,0
2019-10-25T20:00:16.409Z,0
2019-10-25T18:03:09.345Z,0
2019-10-25T16:06:02.413Z,0
2019-10-25T14:08:55.186Z,0
2019-10-25T12:11:47.537Z,0
2019-10-25T10:14:39.434Z,0
2019-10-25T10:14:35.882Z,1
2019-10-25T10:02:35.569Z,0
2019-10-25T10:02:23.797Z,1
2019-10-25T08:11:20.643Z,0
2019-10-25T06:14:12.585Z,0
2019-10-25T04:17:04.079Z,0
2019-10-25T02:19:55.043Z,0
2019-10-25T00:22:46.702Z,0
2019-10-25T00:22:05.300Z,1
2019-10-24T23:52:53.224Z,0
2019-10-24T21:55:45.284Z,0
2019-10-24T19:58:37.327Z,0
2019-10-24T18:01:29.262Z,0
2019-10-24T16:04:20.915Z,0
2019-10-24T14:07:12.755Z,0
2019-10-24T12:10:04.672Z,0
2019-10-24T10:12:56.485Z,0
2019-10-24T10:12:51.781Z,1
2019-10-24T10:05:22.307Z,0
2019-10-24T10:05:11.396Z,1
2019-10-24T08:10:29.415Z,0
2019-10-24T06:13:21.703Z,0
2019-10-24T04:16:13.445Z,0
2019-10-24T02:19:04.397Z,0
2019-10-24T01:40:36.853Z,0
2019-10-23T22:24:45.939Z,0
2019-10-23T20:27:37.246Z,0
2019-10-23T18:30:28.443Z,0
2019-10-23T16:33:19.963Z,0
2019-10-23T14:36:11.564Z,0
2019-10-23T12:39:03.027Z,0
2019-10-23T12:38:41.168Z,1
2019-10-23T12:09:57.738Z,0
2019-10-23T10:12:49.212Z,0
2019-10-23T10:12:45.799Z,1
2019-10-23T10:06:15.297Z,0
2019-10-23T10:05:47.759Z,1
2019-10-23T09:42:14.011Z,0
2019-10-23T07:45:06.417Z,0
2019-10-23T05:47:58.640Z,0
2019-10-23T03:50:50.192Z,0
2019-10-23T01:53:41.268Z,0
2019-10-22T23:56:32.764Z,0
2019-10-22T21:59:23.939Z,0
2019-10-22T20:02:15.118Z,0
2019-10-22T18:05:06.016Z,0
2019-10-22T16:07:57.310Z,0
2019-10-22T14:10:48.744Z,0
2019-10-22T12:13:39.626Z,0
2019-10-22T10:16:30.027Z,0
2019-10-22T10:16:26.566Z,1
2019-10-22T10:05:18.496Z,0
2019-10-22T10:05:11.461Z,1
2019-10-22T10:05:09.608Z,0
2019-10-22T10:02:28.932Z,1
2019-10-22T08:38:47.491Z,0
2019-10-22T06:41:36.816Z,0
2019-10-22T04:44:26.179Z,0
2019-10-22T02:47:15.497Z,0
2019-10-22T00:50:05.267Z,0
2019-10-21T22:52:55.700Z,0
2019-10-21T20:55:46.362Z,0
2019-10-21T20:55:34.882Z,1
2019-10-21T19:59:39.440Z,0
2019-10-21T18:02:30.739Z,0
2019-10-21T16:05:22.362Z,0
2019-10-21T14:08:14.113Z,0
2019-10-21T12:11:05.479Z,0
2019-10-21T10:13:56.337Z,0
2019-10-21T10:13:48.927Z,1
2019-10-21T10:05:30.184Z,0
2019-10-21T10:03:57.597Z,1
2019-10-21T09:34:29.019Z,0
2019-10-21T07:37:19.432Z,0
2019-10-21T05:40:09.293Z,0
2019-10-21T03:42:58.587Z,0
2019-10-21T01:45:47.656Z,0
2019-10-20T23:48:36.394Z,0
2019-10-20T21:51:26.231Z,0
2019-10-20T19:54:17.291Z,0
2019-10-20T19:42:20.009Z,1
2019-10-20T19:32:34.352Z,0
2019-10-20T17:35:26.484Z,0
2019-10-20T15:38:19.265Z,0
2019-10-20T13:41:12.821Z,0
2019-10-20T11:44:06.395Z,0
2019-10-20T09:46:59.936Z,0
2019-10-20T07:49:53.390Z,0
2019-10-20T05:52:46.909Z,0
2019-10-20T03:55:40.238Z,0
2019-10-20T01:58:32.932Z,0
2019-10-20T00:01:25.843Z,0
2019-10-19T22:04:19.720Z,0
2019-10-19T20:07:13.066Z,0
2019-10-19T20:07:06.344Z,1
2019-10-19T20:03:56.720Z,0
2019-10-19T18:06:49.813Z,0
2019-10-19T17:20:46.204Z,1
2019-10-19T17:20:45.404Z,0
2019-10-19T16:17:28.392Z,1
2019-10-19T15:28:45.765Z,0
2019-10-19T13:31:37.720Z,0
2019-10-19T11:34:30.072Z,0
2019-10-19T09:37:22.119Z,0
2019-10-19T07:40:13.927Z,0
2019-10-19T05:43:05.547Z,0
2019-10-19T03:45:57.006Z,0
2019-10-19T01:48:48.071Z,0
2019-10-18T23:51:39.479Z,0
2019-10-18T21:54:31.444Z,0
2019-10-18T19:57:23.928Z,0
2019-10-18T18:00:16.448Z,0
2019-10-18T16:03:09.270Z,0
2019-10-18T14:06:02.271Z,0
2019-10-18T12:08:55.037Z,0
2019-10-18T10:11:46.791Z,0
2019-10-18T10:11:42.921Z,1
2019-10-18T10:03:51.133Z,0
2019-10-18T10:03:43.161Z,1
2019-10-18T09:38:49.167Z,0
2019-10-18T07:41:40.974Z,0
2019-10-18T05:44:32.756Z,0
2019-10-18T03:47:24.121Z,0
2019-10-18T01:50:14.633Z,0
2019-10-17T23:53:04.019Z,0
2019-10-17T21:55:55.772Z,0
2019-10-17T19:58:48.344Z,0
2019-10-17T18:01:41.465Z,0
2019-10-17T16:04:35.627Z,0
2019-10-17T14:07:29.092Z,0
2019-10-17T12:10:21.898Z,0
2019-10-17T10:13:14.762Z,0
2019-10-17T10:13:11.032Z,1
2019-10-17T10:07:28.470Z,0
2019-10-17T10:07:11.005Z,1
2019-10-17T09:34:20.618Z,0
2019-10-17T07:37:13.020Z,0
2019-10-17T05:40:04.326Z,0
2019-10-17T03:42:55.166Z,0
2019-10-17T01:45:45.569Z,0
2019-10-16T23:48:35.726Z,0
2019-10-16T21:51:26.130Z,0
2019-10-16T19:54:16.317Z,0
2019-10-16T17:57:06.214Z,0
2019-10-16T15:59:56.150Z,0
2019-10-16T14:02:46.190Z,0
2019-10-16T12:05:36.579Z,0
2019-10-16T10:08:26.511Z,0
2019-10-16T08:11:16.101Z,0
2019-10-16T06:14:05.255Z,0
2019-10-16T04:16:53.679Z,0
2019-10-16T02:19:42.230Z,0
2019-10-16T00:22:31.636Z,0
2019-10-15T22:25:21.550Z,0
2019-10-15T20:28:12.119Z,0
2019-10-15T18:31:02.977Z,0
2019-10-15T16:33:54.047Z,0
2019-10-15T14:36:45.039Z,0
2019-10-15T12:39:35.289Z,0
2019-10-15T10:42:26.016Z,0
2019-10-15T10:42:22.312Z,1
2019-10-15T10:39:10.042Z,0
2019-10-15T10:39:07.108Z,1
2019-10-15T10:38:30.711Z,0
2019-10-15T10:38:26.237Z,1
2019-10-15T10:04:16.380Z,0
2019-10-15T10:04:10.433Z,1
2019-10-15T08:46:31.766Z,0
2019-10-15T06:49:22.372Z,0
2019-10-15T04:52:12.557Z,0
2019-10-15T02:55:02.864Z,0
2019-10-15T00:57:52.946Z,0
2019-10-14T23:00:43.959Z,0
2019-10-14T21:03:36.372Z,0
2019-10-14T19:06:29.368Z,0
2019-10-14T17:09:22.826Z,0
2019-10-14T15:12:16.508Z,0
2019-10-14T13:15:10.218Z,0
2019-10-14T11:18:03.516Z,0
2019-10-14T09:20:56.332Z,0
2019-10-14T07:23:48.556Z,0
2019-10-14T05:26:40.583Z,0
2019-10-14T03:29:32.599Z,0
2019-10-14T01:32:24.574Z,0
2019-10-13T23:35:16.516Z,0
2019-10-13T21:38:08.452Z,0
2019-10-13T19:41:00.235Z,0
2019-10-13T17:43:51.857Z,0
2019-10-13T15:46:43.444Z,0
2019-10-13T13:49:34.557Z,0
2019-10-13T11:52:25.625Z,0
2019-10-13T09:55:16.422Z,0
2019-10-13T07:58:07.169Z,0
2019-10-13T06:00:57.582Z,0
2019-10-13T04:03:47.556Z,0
2019-10-13T02:06:37.309Z,0
2019-10-13T00:09:26.919Z,0
2019-10-12T22:12:16.467Z,0
2019-10-12T20:15:06.097Z,0
2019-10-12T18:17:56.051Z,0
2019-10-12T16:20:46.611Z,0
2019-10-12T14:23:37.632Z,0
2019-10-12T12:26:28.742Z,0
2019-10-12T10:29:19.410Z,0
2019-10-12T08:32:09.665Z,0
2019-10-12T06:34:59.720Z,0
2019-10-12T04:37:49.402Z,0
2019-10-12T02:40:38.593Z,0
2019-10-12T00:43:27.278Z,0
2019-10-11T22:46:15.767Z,0
2019-10-11T20:49:04.396Z,0
2019-10-11T18:51:53.181Z,0
2019-10-11T16:54:42.132Z,0
2019-10-11T14:57:31.897Z,0
2019-10-11T13:00:22.264Z,0
2019-10-11T11:03:12.624Z,0
2019-10-11T09:06:02.417Z,0
2019-10-11T07:08:51.858Z,0
2019-10-11T05:11:41.025Z,0
2019-10-11T03:14:30.000Z,0
2019-10-11T01:17:18.673Z,0
2019-10-10T23:20:07.370Z,0
2019-10-10T21:22:56.577Z,0
2019-10-10T19:25:46.291Z,0
2019-10-10T17:28:36.577Z,0
2019-10-10T15:31:27.136Z,0
2019-10-10T13:34:17.745Z,0
2019-10-10T11:37:08.206Z,0
2019-10-10T09:39:58.323Z,0
2019-10-10T07:42:48.283Z,0
2019-10-10T05:45:37.763Z,0
2019-10-10T03:48:27.066Z,0
2019-10-10T03:48:22.927Z,0
2019-10-10T01:51:10.865Z,0
2019-10-09T23:54:00.095Z,0
2019-10-09T21:56:49.081Z,0
2019-10-09T19:59:38.330Z,0
2019-10-09T18:02:28.388Z,0
2019-10-09T16:05:18.780Z,0
2019-10-09T14:08:08.912Z,0
2019-10-09T12:10:58.593Z,0
2019-10-09T10:13:48.002Z,0
2019-10-09T10:13:43.996Z,1
2019-10-09T10:06:38.874Z,0
2019-10-09T10:06:32.023Z,1
2019-10-09T09:39:57.986Z,0
2019-10-09T07:42:47.455Z,0
2019-10-09T05:45:36.438Z,0
2019-10-09T03:48:24.500Z,0
2019-10-09T01:51:12.116Z,0
2019-10-08T23:53:59.880Z,0
2019-10-08T21:56:47.406Z,0
2019-10-08T19:59:35.586Z,0
2019-10-08T18:02:24.329Z,0
2019-10-08T16:05:13.352Z,0
2019-10-08T14:08:02.749Z,0
2019-10-08T12:10:52.152Z,0
2019-10-08T10:13:41.599Z,0
2019-10-08T10:13:36.813Z,1
2019-10-08T10:05:49.723Z,0
2019-10-08T10:05:27.889Z,1
2019-10-08T10:05:13.526Z,0
2019-10-08T10:05:05.526Z,1
2019-10-08T08:18:09.029Z,0
2019-10-08T06:20:58.327Z,0
2019-10-08T04:23:47.684Z,0
2019-10-08T02:26:36.870Z,0
2019-10-08T00:29:25.987Z,0
2019-10-08T00:28:06.214Z,1
2019-10-07T23:54:37.292Z,0
2019-10-07T21:57:26.431Z,0
2019-10-07T20:00:15.432Z,0
2019-10-07T18:03:04.618Z,0
2019-10-07T16:05:54.067Z,0
2019-10-07T14:08:44.061Z,0
2019-10-07T12:11:33.912Z,0
2019-10-07T10:14:23.861Z,0
2019-10-07T10:14:20.029Z,1
2019-10-07T10:02:10.583Z,0
2019-10-07T10:01:57.710Z,1
2019-10-07T08:05:06.081Z,0
2019-10-07T06:07:56.068Z,0
2019-10-07T04:10:45.608Z,0
2019-10-07T02:13:34.425Z,0
2019-10-07T00:16:22.913Z,0
2019-10-06T22:19:12.345Z,0
2019-10-06T20:22:01.338Z,0
2019-10-06T18:24:51.982Z,0
2019-10-06T16:27:42.772Z,0
2019-10-06T14:30:34.000Z,0
2019-10-06T12:33:25.375Z,0
2019-10-06T10:36:16.637Z,0
2019-10-06T08:39:07.489Z,0
2019-10-06T06:41:57.843Z,0
2019-10-06T04:44:47.721Z,0
2019-10-06T02:47:37.483Z,0
2019-10-06T00:50:27.017Z,0
2019-10-05T22:53:16.203Z,0
2019-10-05T20:56:05.098Z,0
2019-10-05T18:58:53.700Z,0
2019-10-05T17:01:42.350Z,0
2019-10-05T15:04:31.072Z,0
2019-10-05T13:07:20.038Z,0
2019-10-05T11:10:09.198Z,0
2019-10-05T09:12:58.391Z,0
2019-10-05T07:15:47.801Z,0
2019-10-05T05:18:36.756Z,0
2019-10-05T03:21:24.868Z,0
2019-10-04T23:29:12.417Z,0
2019-10-04T23:29:09.033Z,1
2019-10-04T23:25:56.751Z,0
2019-10-04T23:25:52.105Z,1
2019-10-04T21:58:14.128Z,0
2019-10-04T20:01:01.023Z,0
2019-10-04T18:03:48.261Z,0
2019-10-04T16:06:36.060Z,0
2019-10-04T14:09:24.558Z,0
2019-10-04T12:12:13.291Z,0
2019-10-04T10:15:02.027Z,0
2019-10-04T10:14:57.708Z,1
2019-10-04T10:04:15.328Z,0
2019-10-04T10:04:06.256Z,1
2019-10-04T09:36:46.817Z,0
2019-10-04T07:39:34.415Z,0
2019-10-04T05:42:21.548Z,0
2019-10-04T03:45:08.412Z,0
2019-10-04T01:47:54.454Z,0
2019-10-03T23:50:39.960Z,0
2019-10-03T21:53:25.968Z,0
2019-10-03T19:56:11.184Z,0
2019-10-03T17:58:57.570Z,0
2019-10-03T16:01:44.745Z,0
2019-10-03T14:04:32.647Z,0
2019-10-03T12:07:20.852Z,0
2019-10-03T10:10:08.903Z,0
2019-10-03T10:10:05.055Z,1
2019-10-03T10:10:03.541Z,0
2019-10-03T10:07:38.426Z,1
2019-10-03T10:06:14.266Z,0
2019-10-03T10:05:57.699Z,1
2019-10-03T09:41:33.539Z,0
2019-10-03T07:44:21.316Z,0
2019-10-03T05:47:09.115Z,0
2019-10-03T03:49:56.342Z,0
2019-10-03T01:52:42.504Z,0
2019-10-02T23:55:28.708Z,0
2019-10-02T21:58:15.675Z,0
2019-10-02T20:01:02.987Z,0
2019-10-02T18:03:50.416Z,0
2019-10-02T16:06:38.536Z,0
2019-10-02T14:09:27.489Z,0
2019-10-02T12:12:15.933Z,0
2019-10-02T10:15:04.143Z,0
2019-10-02T10:14:59.856Z,1
2019-10-02T10:08:39.467Z,0
2019-10-02T10:08:24.565Z,1
2019-10-02T09:45:27.545Z,0
2019-10-02T07:48:15.818Z,0
2019-10-02T05:51:03.469Z,0
2019-10-02T03:53:50.489Z,0
2019-10-02T01:56:36.542Z,0
2019-10-01T23:59:22.467Z,0
2019-10-01T22:02:08.826Z,0
2019-10-01T20:04:55.570Z,0
2019-10-01T18:07:42.660Z,0
2019-10-01T16:10:30.868Z,0
2019-10-01T14:13:19.637Z,0
2019-10-01T12:16:08.546Z,0
2019-10-01T10:18:57.431Z,0
2019-10-01T10:18:52.700Z,1
2019-10-01T10:03:10.243Z,0
2019-10-01T10:03:01.172Z,0
2019-10-01T10:02:49.054Z,1
2019-10-01T09:38:20.648Z,0
2019-10-01T07:41:09.880Z,0
2019-10-01T05:43:57.340Z,0
2019-10-01T03:46:44.899Z,0
2019-10-01T01:49:31.280Z,0
2019-09-30T23:52:17.707Z,0
2019-09-30T21:55:04.013Z,0
2019-09-30T19:57:50.668Z,0
2019-09-30T18:00:37.855Z,0
2019-09-30T16:03:26.377Z,0
2019-09-30T14:06:15.676Z,0
2019-09-30T12:09:05.731Z,0
2019-09-30T10:11:54.076Z,0
2019-09-30T10:11:48.497Z,1
2019-09-30T10:06:34.383Z,0
2019-09-30T10:05:07.304Z,1
2019-09-30T08:24:55.295Z,0
2019-09-30T06:27:44.203Z,0
2019-09-30T04:30:32.348Z,0
2019-09-30T02:33:20.117Z,0
2019-09-30T00:36:07.347Z,0
2019-09-29T22:38:54.025Z,0
2019-09-29T20:41:41.155Z,0
2019-09-29T20:41:38.250Z,1
2019-09-29T20:40:47.420Z,0
2019-09-29T20:40:37.915Z,1
2019-09-29T18:51:24.358Z,0
2019-09-29T16:54:12.568Z,0
2019-09-29T14:57:01.814Z,0
2019-09-29T12:59:51.599Z,0
2019-09-29T11:02:41.392Z,0
2019-09-29T09:05:31.060Z,0
2019-09-29T07:08:20.632Z,0
2019-09-29T05:11:09.564Z,0
2019-09-29T03:13:57.946Z,0
2019-09-29T01:16:45.836Z,0
2019-09-28T23:19:33.411Z,0
2019-09-28T21:22:20.991Z,0
2019-09-28T19:25:08.823Z,0
2019-09-28T17:27:57.253Z,0
2019-09-28T15:30:46.582Z,0
2019-09-28T13:33:36.405Z,0
2019-09-28T11:36:26.105Z,0
2019-09-28T09:39:15.967Z,0
2019-09-28T07:42:05.435Z,0
2019-09-28T05:44:54.800Z,0
2019-09-28T03:47:43.841Z,0
2019-09-28T01:50:32.588Z,0
2019-09-27T23:53:20.805Z,0
2019-09-27T21:56:08.868Z,0
2019-09-27T19:58:56.895Z,0
2019-09-27T18:01:45.463Z,0
2019-09-27T16:04:35.246Z,0
2019-09-27T14:07:25.570Z,0
2019-09-27T12:10:16.126Z,0
2019-09-27T10:13:06.605Z,0
2019-09-27T10:13:01.339Z,1
2019-09-27T10:06:55.972Z,0
2019-09-27T10:06:44.509Z,1
2019-09-27T09:48:03.090Z,0
2019-09-27T07:50:48.624Z,0
2019-09-27T05:53:38.681Z,0
2019-09-27T03:56:28.027Z,0
2019-09-27T01:59:16.578Z,0
2019-09-27T00:02:04.860Z,0
2019-09-26T22:04:52.937Z,0
2019-09-26T20:07:41.228Z,0
2019-09-26T18:10:30.224Z,0
2019-09-26T15:38:42.979Z,0
2019-09-26T15:38:32.752Z,1
2019-09-26T14:07:47.513Z,0
2019-09-26T12:10:37.895Z,0
2019-09-26T10:13:28.536Z,0
2019-09-26T10:13:24.782Z,1
2019-09-26T10:07:24.942Z,0
2019-09-26T10:06:35.931Z,1
2019-09-26T08:39:10.525Z,0
2019-09-26T06:42:01.067Z,0
2019-09-26T04:44:50.429Z,0
2019-09-26T02:12:28.063Z,0
2019-09-26T00:15:16.433Z,0
2019-09-25T22:18:04.577Z,0
2019-09-25T20:20:52.714Z,0
2019-09-25T18:23:41.294Z,0
2019-09-25T16:26:30.592Z,0
2019-09-25T14:29:20.059Z,0
2019-09-25T12:32:09.486Z,0
2019-09-25T10:34:59.051Z,0
2019-09-25T10:34:52.526Z,1
2019-09-25T10:19:58.548Z,0
2019-09-25T10:19:51.047Z,1
2019-09-25T10:14:50.346Z,0
2019-09-25T10:14:46.899Z,1
2019-09-25T10:06:05.124Z,0
2019-09-25T10:05:01.216Z,1
2019-09-25T09:46:52.384Z,0
2019-09-25T07:49:42.278Z,0
2019-09-25T05:52:31.642Z,0
2019-09-25T03:55:20.771Z,0
2019-09-25T01:58:09.356Z,0
2019-09-25T00:00:57.539Z,0
2019-09-24T22:03:46.001Z,0
2019-09-24T20:06:34.923Z,0
2019-09-24T18:09:24.225Z,0
2019-09-24T16:12:14.263Z,0
2019-09-24T14:15:05.015Z,0
2019-09-24T12:17:56.240Z,0
2019-09-24T10:20:47.204Z,0
2019-09-24T10:20:33.949Z,1
2019-09-24T10:14:46.780Z,0
2019-09-24T10:14:42.642Z,1
2019-09-24T10:14:40.545Z,0
2019-09-24T10:07:31.392Z,1
2019-09-24T10:02:48.786Z,0
2019-09-24T08:05:40.057Z,0
2019-09-24T06:08:31.280Z,0
2019-09-24T04:11:22.340Z,0
2019-09-24T02:14:13.100Z,0
2019-09-24T00:17:03.581Z,0
2019-09-23T22:19:53.987Z,0
2019-09-23T20:22:44.316Z,0
2019-09-23T18:25:35.513Z,0
2019-09-23T16:28:27.786Z,0
2019-09-23T14:31:20.736Z,0
2019-09-23T12:34:13.884Z,0
2019-09-23T10:37:06.699Z,0
2019-09-23T10:37:01.531Z,1
2019-09-23T10:22:24.448Z,1
2019-09-23T10:15:20.206Z,0
2019-09-23T10:15:16.153Z,1
2019-09-23T10:06:23.494Z,0
2019-09-23T10:06:18.726Z,1
2019-09-23T08:43:36.379Z,0
2019-09-23T06:46:29.046Z,0
2019-09-23T04:49:21.556Z,0
2019-09-23T02:52:13.553Z,0
2019-09-23T00:55:04.981Z,0
2019-09-22T22:57:55.616Z,0
2019-09-22T21:00:46.723Z,0
2019-09-22T19:03:38.096Z,0
2019-09-22T17:06:30.282Z,0
2019-09-22T15:09:23.515Z,0
2019-09-22T13:12:17.343Z,0
2019-09-22T11:15:11.551Z,0
2019-09-22T10:29:54.862Z,0
2019-09-22T08:32:47.848Z,0
2019-09-22T06:35:30.449Z,0
2019-09-22T04:38:39.364Z,0
2019-09-22T02:40:59.949Z,0
2019-09-22T02:40:50.906Z,0
2019-09-22T00:43:41.729Z,0
2019-09-21T23:37:14.609Z,0
2019-09-21T21:40:05.667Z,0
2019-09-21T19:42:57.139Z,0
2019-09-21T17:45:49.707Z,0
2019-09-21T15:52:28.158Z,0
2019-09-21T13:47:44.257Z,0
2019-09-21T11:50:38.420Z,0
2019-09-21T09:53:32.633Z,0
2019-09-21T07:56:26.633Z,0
2019-09-21T05:59:20.235Z,0
2019-09-21T04:02:12.509Z,0
2019-09-21T02:05:04.290Z,0
2019-09-21T00:07:55.934Z,0
2019-09-03T20:00:28.782Z,0
2019-09-03T18:03:13.907Z,0
2019-09-03T16:06:00.408Z,0
2019-09-03T14:08:48.171Z,0
2019-09-03T12:11:36.292Z,0
2019-09-03T10:14:24.351Z,0
2019-09-03T10:14:19.927Z,1
2019-09-03T10:04:17.976Z,0
2019-09-03T10:04:13.183Z,1
2019-09-03T08:13:18.230Z,0
2019-09-03T06:16:06.152Z,0
2019-09-03T06:16:01.218Z,0
2019-09-03T04:18:48.819Z,0
2019-09-03T02:21:35.555Z,0
2019-09-03T00:24:21.044Z,0
2019-09-02T22:27:06.237Z,0
2019-09-02T20:29:51.903Z,0
2019-09-02T18:32:37.851Z,0
2019-09-02T16:35:24.495Z,0
2019-09-02T14:37:35.704Z,1
2019-09-02T13:38:25.304Z,0
2019-09-02T11:41:12.372Z,0
2019-09-02T09:43:58.727Z,0
2019-09-02T07:46:45.907Z,0
2019-09-02T05:49:32.478Z,0
2019-09-02T03:52:18.217Z,0
2019-09-02T01:55:03.931Z,0
2019-09-02T01:48:25.947Z,1
2019-09-02T00:37:12.450Z,0
2019-09-02T00:37:06.467Z,1
2019-09-01T22:44:44.100Z,0
2019-09-01T20:47:29.099Z,0
2019-09-01T18:50:15.889Z,0
2019-09-01T16:52:58.372Z,0
2019-09-01T14:55:40.062Z,0
2019-09-01T12:58:26.936Z,0
2019-09-01T11:01:14.282Z,0
2019-09-01T11:01:09.625Z,1
2019-09-01T09:40:26.403Z,0
2019-09-01T07:43:13.673Z,0
2019-09-01T05:46:00.905Z,0
2019-09-01T03:48:47.709Z,0
2019-09-01T01:51:33.973Z,0
2019-08-31T23:54:19.729Z,0
2019-08-31T23:49:49.241Z,1
2019-08-31T23:16:05.802Z,0
2019-08-31T21:18:51.748Z,0
2019-08-31T19:21:37.507Z,0
2019-08-31T17:24:23.852Z,0
2019-08-31T15:27:10.468Z,0
2019-08-31T13:29:57.669Z,0
2019-08-31T11:32:46.301Z,0
2019-08-31T09:35:34.675Z,0
2019-08-31T07:38:22.720Z,0
2019-08-31T05:41:10.351Z,0
2019-08-31T03:43:57.831Z,0
2019-08-31T01:46:44.797Z,0
2019-08-30T23:49:31.475Z,0
2019-08-30T21:52:18.427Z,0
2019-08-30T19:55:06.463Z,0
2019-08-30T17:57:53.589Z,0
2019-08-30T16:00:42.550Z,0
2019-08-30T14:03:32.752Z,0
2019-08-30T12:06:23.122Z,0
2019-08-30T10:09:13.225Z,0
2019-08-30T10:08:44.956Z,1
2019-08-30T09:22:39.296Z,0
2019-08-30T07:25:28.238Z,0
2019-08-30T05:28:16.768Z,0
2019-08-30T03:31:04.649Z,0
2019-08-29T23:55:19.712Z,0
2019-08-29T21:58:05.577Z,0
2019-08-29T20:00:51.657Z,0
2019-08-29T18:03:37.892Z,0
2019-08-29T16:06:25.127Z,0
2019-08-29T14:09:12.914Z,0
2019-08-29T12:12:00.593Z,0
2019-08-29T10:14:47.939Z,0
2019-08-29T10:13:55.195Z,1
2019-08-29T10:06:00.195Z,0
2019-08-29T10:05:43.563Z,1
2019-08-29T09:34:42.216Z,0
2019-08-29T07:37:29.277Z,0
2019-08-29T05:40:15.998Z,0
2019-08-29T03:43:02.367Z,0
2019-08-29T01:45:48.477Z,0
2019-08-28T23:48:34.250Z,0
2019-08-28T23:48:29.349Z,0
2019-08-28T21:51:14.793Z,0
2019-08-28T19:53:59.923Z,0
2019-08-28T17:56:45.434Z,0
2019-08-28T15:59:31.316Z,0
2019-08-28T14:02:17.860Z,0
2019-08-28T12:05:04.541Z,0
2019-08-28T10:07:51.209Z,0
2019-08-28T10:07:25.641Z,1
2019-08-28T09:32:44.549Z,0
2019-08-28T07:35:31.465Z,0
2019-08-28T05:38:18.418Z,0
2019-08-28T03:41:05.243Z,0
2019-08-28T01:43:52.392Z,0
2019-08-27T23:46:40.151Z,0
2019-08-27T21:49:27.988Z,0
2019-08-27T19:52:15.989Z,0
2019-08-27T17:55:04.103Z,0
2019-08-27T15:57:52.302Z,0
2019-08-27T14:00:40.758Z,0
2019-08-27T12:03:29.331Z,0
2019-08-27T10:06:18.246Z,0
2019-08-27T10:06:07.776Z,1
2019-08-27T10:05:36.051Z,0
2019-08-27T10:05:31.086Z,1
2019-08-27T09:29:14.587Z,0
2019-08-27T07:32:03.017Z,0
2019-08-27T05:34:51.620Z,0
2019-08-27T03:37:40.023Z,0
2019-08-27T01:40:28.419Z,0
2019-08-26T23:43:16.912Z,0
2019-08-26T21:46:05.255Z,0
2019-08-26T19:48:53.883Z,0
2019-08-26T17:51:42.841Z,0
2019-08-26T15:54:32.175Z,0
2019-08-26T13:57:21.902Z,0
2019-08-26T12:00:11.670Z,0
2019-08-26T10:03:01.259Z,0
2019-08-26T10:02:43.164Z,1
2019-08-26T08:13:57.016Z,0
2019-08-26T06:16:46.488Z,0
2019-08-26T04:19:34.071Z,0
2019-08-26T02:22:22.376Z,0
2019-08-26T00:25:10.514Z,0
2019-08-25T22:27:59.074Z,0
2019-08-25T20:30:47.697Z,0
2019-08-25T18:33:36.363Z,0
2019-08-25T16:36:25.652Z,0
2019-08-25T14:39:15.490Z,0
2019-08-25T12:42:05.374Z,0
2019-08-25T12:41:56.062Z,1
2019-08-25T11:26:22.869Z,0
2019-08-25T09:29:12.838Z,0
2019-08-25T07:32:02.545Z,0
2019-08-25T05:34:51.951Z,0
2019-08-25T03:37:41.001Z,0
2019-08-25T01:40:29.839Z,0
2019-08-24T23:43:18.555Z,0
2019-08-24T23:43:13.677Z,0
2019-08-24T21:46:02.643Z,0
2019-08-24T19:49:20.488Z,0
2019-08-24T19:29:28.429Z,1
2019-08-24T18:34:30.308Z,1
2019-08-24T18:29:12.552Z,0
2019-08-24T16:32:00.263Z,0
2019-08-24T14:34:49.041Z,0
2019-08-24T12:37:38.134Z,0
2019-08-24T10:40:27.349Z,0
2019-08-24T08:43:15.627Z,0
2019-08-24T06:30:02.237Z,0
2019-08-24T04:32:50.205Z,0
2019-08-24T02:16:01.605Z,0
2019-08-24T00:18:47.753Z,0
2019-08-23T22:21:33.714Z,0
2019-08-23T20:24:19.036Z,0
2019-08-23T18:27:04.590Z,0
2019-08-23T16:29:50.310Z,0
2019-08-23T14:32:36.694Z,0
2019-08-23T12:35:23.351Z,0
2019-08-23T10:38:10.094Z,0
2019-08-23T10:38:06.650Z,1
2019-08-23T10:05:10.723Z,0
2019-08-23T10:05:01.586Z,1
2019-08-23T10:05:01.286Z,0
2019-08-23T10:04:55.844Z,1
2019-08-23T10:04:05.143Z,0
2019-08-23T10:03:26.361Z,1
2019-08-23T08:14:25.263Z,0
2019-08-23T06:17:11.826Z,0
2019-08-23T04:19:58.037Z,0
2019-08-23T02:22:44.017Z,0
2019-08-23T00:25:29.711Z,0
2019-08-22T22:28:15.105Z,0
2019-08-22T20:31:00.550Z,0
2019-08-22T18:33:46.120Z,0
2019-08-22T16:36:32.486Z,0
2019-08-22T14:39:19.942Z,0
2019-08-22T12:42:08.206Z,0
2019-08-22T10:44:56.454Z,0
2019-08-22T10:44:52.643Z,1
2019-08-22T10:15:13.977Z,0
2019-08-22T10:15:08.502Z,1
2019-08-22T10:15:06.869Z,0
2019-08-22T10:14:29.477Z,1
2019-08-22T10:05:57.538Z,0
2019-08-22T10:05:46.106Z,1
2019-08-22T08:13:53.382Z,0
2019-08-22T06:16:41.551Z,0
2019-08-22T04:19:28.932Z,0
2019-08-22T02:22:15.325Z,0
2019-08-22T00:25:01.389Z,0
2019-08-21T22:27:47.729Z,0
2019-08-21T20:30:33.736Z,0
2019-08-21T18:33:19.532Z,0
2019-08-21T16:36:06.072Z,0
2019-08-21T14:38:53.763Z,0
2019-08-21T12:41:41.833Z,0
2019-08-21T10:44:29.801Z,0
2019-08-21T10:44:26.231Z,1
2019-08-21T10:14:47.334Z,0
2019-08-21T10:14:43.216Z,1
2019-08-21T10:14:41.772Z,0
2019-08-21T10:06:56.974Z,1
2019-08-21T10:04:17.736Z,0
2019-08-21T10:04:10.445Z,1
2019-08-21T08:24:02.155Z,0
2019-08-21T06:26:49.733Z,0
2019-08-21T02:32:23.442Z,0
2019-08-21T00:35:09.852Z,0
2019-08-20T22:37:55.914Z,0
2019-08-20T22:37:33.357Z,1
2019-08-20T22:26:35.967Z,0
2019-08-20T20:29:21.989Z,0
2019-08-20T18:32:08.926Z,0
2019-08-20T16:34:57.331Z,0
2019-08-20T14:37:46.544Z,0
2019-08-20T12:40:35.911Z,0
2019-08-20T10:43:25.832Z,0
2019-08-20T10:43:21.842Z,1
2019-08-20T10:15:24.260Z,0
2019-08-20T10:15:19.947Z,1
2019-08-20T10:15:17.898Z,0
2019-08-20T10:14:19.127Z,1
2019-08-20T10:04:01.231Z,0
2019-08-20T10:03:55.121Z,1
2019-08-20T08:24:17.411Z,0
2019-08-20T06:27:07.391Z,0
2019-08-20T04:29:57.089Z,0
2019-08-20T02:32:46.623Z,0
2019-08-20T00:35:35.993Z,0
2019-08-19T22:38:25.136Z,0
2019-08-19T20:41:13.983Z,0
2019-08-19T18:43:53.921Z,0
2019-08-19T16:46:42.951Z,0
2019-08-19T14:50:07.790Z,0
2019-08-19T14:50:03.955Z,0
2019-08-19T12:52:55.470Z,0
2019-08-19T10:55:43.398Z,0
2019-08-19T10:55:39.621Z,1
2019-08-19T10:13:57.368Z,0
2019-08-19T10:13:51.456Z,1
2019-08-19T10:13:49.918Z,0
2019-08-19T10:11:48.602Z,1
2019-08-19T10:11:48.160Z,0
2019-08-19T10:11:42.906Z,1
2019-08-19T10:05:58.748Z,0
2019-08-19T10:05:51.655Z,1
2019-08-19T09:50:57.064Z,0
2019-08-19T07:53:45.210Z,0
2019-08-19T05:56:33.157Z,0
2019-08-19T03:59:20.772Z,0
2019-08-19T02:02:07.798Z,0
2019-08-19T00:04:54.145Z,0
2019-08-18T22:07:40.396Z,0
2019-08-18T22:07:11.141Z,1
2019-08-18T20:21:37.410Z,0
2019-08-18T18:24:23.729Z,0
2019-08-18T16:27:10.713Z,0
2019-08-18T14:29:58.702Z,0
2019-08-18T12:32:46.979Z,0
2019-08-18T10:35:35.598Z,0
2019-08-18T08:38:24.137Z,0
2019-08-18T06:41:12.475Z,0
2019-08-18T04:44:00.666Z,0
2019-08-18T02:46:48.287Z,0
2019-08-18T00:49:35.800Z,0
2019-08-17T22:52:23.037Z,0
2019-08-17T20:55:09.827Z,0
2019-08-17T18:57:56.898Z,0
2019-08-17T18:57:33.872Z,1
2019-08-17T18:50:42.644Z,0
2019-08-17T16:53:29.412Z,0
2019-08-17T14:56:17.549Z,0
2019-08-17T12:59:08.979Z,0
2019-08-17T11:01:51.253Z,0
2019-08-17T09:04:40.793Z,0
2019-08-17T07:07:29.317Z,0
2019-08-17T05:10:16.922Z,0
2019-08-17T03:13:04.130Z,0
2019-08-17T01:15:50.169Z,0
2019-08-17T01:14:14.870Z,1
2019-08-17T00:02:55.664Z,0
2019-08-17T00:02:34.113Z,1
2019-08-17T00:02:02.037Z,0
2019-08-17T00:01:45.789Z,1
2019-08-16T23:06:05.238Z,0
2019-08-16T21:08:51.664Z,0
2019-08-16T21:00:20.476Z,1
2019-08-16T20:08:21.848Z,0
2019-08-16T18:11:08.800Z,0
2019-08-16T16:13:56.650Z,0
2019-08-16T14:16:44.996Z,0
2019-08-16T12:19:33.548Z,0
2019-08-16T10:22:22.279Z,0
2019-08-16T10:22:18.147Z,1
2019-08-16T10:14:26.684Z,0
2019-08-16T10:14:22.794Z,1
2019-08-16T10:04:52.875Z,0
2019-08-16T10:04:45.830Z,1
2019-08-16T08:20:48.410Z,0
2019-08-16T06:23:37.231Z,0
2019-08-16T04:26:25.278Z,0
2019-08-16T02:29:11.870Z,0
2019-08-16T00:31:57.890Z,0
2019-08-15T22:34:43.919Z,0
2019-08-15T20:37:29.921Z,0
2019-08-15T18:40:16.127Z,0
2019-08-15T16:43:03.693Z,0
2019-08-15T14:45:50.719Z,0
2019-08-15T12:48:39.185Z,0
2019-08-15T10:51:27.306Z,0
2019-08-15T10:51:20.670Z,1
2019-08-15T10:20:02.760Z,0
2019-08-15T10:19:58.442Z,1
2019-08-15T10:14:23.543Z,0
2019-08-15T10:14:19.377Z,1
2019-08-15T10:03:32.296Z,0
2019-08-15T10:03:05.782Z,1
2019-08-15T09:36:43.487Z,0
2019-08-15T07:39:31.055Z,0
2019-08-15T05:42:18.371Z,0
2019-08-15T03:45:05.647Z,0
2019-08-15T03:44:56.001Z,1
2019-08-15T01:53:02.684Z,0
2019-08-14T23:55:49.834Z,0
2019-08-14T21:58:36.950Z,0
2019-08-14T20:01:23.716Z,0
2019-08-14T18:04:10.923Z,0
2019-08-14T16:06:58.830Z,0
2019-08-14T14:09:47.437Z,0
2019-08-14T12:12:36.279Z,0
2019-08-14T10:15:24.799Z,0
2019-08-14T10:14:27.886Z,1
2019-08-14T10:06:04.361Z,0
2019-08-14T10:05:57.416Z,1
2019-08-14T08:33:54.797Z,0
2019-08-14T06:36:42.766Z,0
2019-08-14T04:39:29.747Z,0
2019-08-14T02:42:15.713Z,0
2019-08-14T00:45:01.779Z,0
2019-08-13T22:06:27.253Z,0
2019-08-13T20:09:13.003Z,0
2019-08-13T18:11:58.986Z,0
2019-08-13T16:14:45.647Z,0
2019-08-13T14:17:32.892Z,0
2019-08-13T12:20:19.491Z,0
2019-08-13T10:23:06.819Z,0
2019-08-13T10:23:02.219Z,1
2019-08-13T10:14:12.771Z,0
2019-08-13T10:14:08.797Z,1
2019-08-13T10:04:06.995Z,0
2019-08-13T10:04:02.248Z,1
2019-08-13T09:48:07.822Z,0
2019-08-13T07:50:54.921Z,0
2019-08-13T05:53:41.914Z,0
2019-08-13T03:56:28.802Z,0
2019-08-13T01:59:15.108Z,0
2019-08-13T00:02:00.845Z,0
2019-08-12T22:04:46.055Z,0
2019-08-12T20:07:32.478Z,0
2019-08-12T18:10:16.147Z,0
2019-08-12T16:13:03.485Z,0
2019-08-12T14:15:52.253Z,0
2019-08-12T12:18:41.266Z,0
2019-08-12T10:21:30.504Z,0
2019-08-12T10:20:21.439Z,1
2019-08-12T10:13:58.325Z,0
2019-08-12T10:13:53.664Z,1
2019-08-12T10:04:55.924Z,0
2019-08-12T10:04:50.550Z,1
2019-08-12T09:10:27.454Z,0
2019-08-12T07:13:16.508Z,0
2019-08-12T05:16:05.073Z,0
2019-08-12T03:18:52.691Z,0
2019-08-12T01:21:39.761Z,0
2019-08-11T23:24:56.673Z,0
2019-08-11T19:00:57.201Z,0
2019-08-11T19:00:39.956Z,1
2019-08-11T19:00:36.488Z,0
2019-08-11T19:00:31.519Z,1
2019-08-11T17:04:49.400Z,0
2019-08-11T15:07:36.537Z,0
2019-08-11T13:10:24.303Z,0
2019-08-11T11:13:12.555Z,0
2019-08-11T11:13:07.808Z,1
2019-08-11T10:59:04.677Z,0
2019-08-11T09:01:53.043Z,0
2019-08-11T07:04:40.787Z,0
2019-08-11T05:07:27.993Z,0
2019-08-11T03:10:15.031Z,0
2019-08-11T03:10:06.387Z,1
2019-08-11T03:02:15.823Z,0
2019-08-11T01:05:00.559Z,0
2019-08-10T23:07:47.429Z,0
2019-08-10T21:10:33.683Z,0
2019-08-10T18:08:02.284Z,0
2019-08-10T16:10:50.524Z,0
2019-08-10T14:13:39.824Z,0
2019-08-10T12:16:29.415Z,0
2019-08-10T12:16:24.542Z,1
2019-08-10T11:50:10.246Z,0
2019-08-10T09:53:00.224Z,0
2019-08-10T07:55:49.911Z,0
2019-08-10T05:58:39.183Z,0
2019-08-10T04:01:27.784Z,0
2019-08-10T02:04:15.901Z,0
2019-08-10T00:07:03.866Z,0
2019-08-09T22:09:51.662Z,0
2019-08-09T20:12:39.263Z,0
2019-08-09T18:15:27.053Z,0
2019-08-09T16:18:15.319Z,0
2019-08-09T14:21:04.457Z,0
2019-08-09T12:23:54.074Z,0
2019-08-09T10:26:44.022Z,0
2019-08-09T10:26:39.860Z,1
2019-08-09T10:15:22.644Z,0
2019-08-09T10:05:20.496Z,1
2019-08-09T10:03:11.799Z,0
2019-08-09T10:03:03.029Z,1
2019-08-09T09:02:49.919Z,0
2019-08-09T07:05:39.378Z,0
2019-08-09T05:08:28.491Z,0
2019-08-09T03:11:17.425Z,0
2019-08-09T01:14:06.193Z,0
2019-08-08T23:16:58.976Z,0
2019-08-08T21:19:38.245Z,0
2019-08-08T19:22:26.763Z,0
2019-08-08T14:57:34.011Z,0
2019-08-08T13:00:22.928Z,0
2019-08-08T11:03:12.138Z,0
2019-08-08T11:03:08.295Z,1
2019-08-08T10:23:38.811Z,0
2019-08-08T10:23:34.778Z,1
2019-08-08T10:15:49.036Z,0
2019-08-08T10:15:43.584Z,1
2019-08-08T10:05:24.945Z,0
2019-08-08T10:05:18.599Z,1
2019-08-08T08:51:19.367Z,0
2019-08-08T06:54:09.558Z,0
2019-08-08T04:56:54.991Z,0
2019-08-08T02:59:42.916Z,0
2019-08-08T01:02:30.505Z,0
2019-08-08T01:02:17.573Z,1
2019-08-08T01:01:50.162Z,0
2019-08-08T01:01:34.828Z,1
2019-08-08T01:01:28.315Z,0
2019-08-08T01:01:26.535Z,1
2019-08-08T01:01:23.569Z,0
2019-08-08T01:01:18.319Z,1
2019-08-08T01:01:14.269Z,0
2019-08-08T00:51:55.679Z,1
2019-08-07T23:58:48.396Z,0
2019-08-07T22:01:35.806Z,0
2019-08-07T19:34:02.447Z,0
2019-08-07T16:21:28.696Z,0
2019-08-07T14:23:38.517Z,0
2019-08-07T12:26:27.239Z,0
2019-08-07T10:29:16.059Z,0
2019-08-07T10:29:10.741Z,1
2019-08-07T10:14:24.449Z,0
2019-08-07T10:14:20.414Z,1
2019-08-07T10:09:46.824Z,0
2019-08-07T10:07:34.833Z,1
2019-08-07T10:06:15.335Z,0
2019-08-07T10:04:42.508Z,1
2019-08-07T08:22:17.240Z,0
2019-08-07T06:25:05.938Z,0
2019-08-07T04:27:54.192Z,0
2019-08-07T02:30:41.323Z,0
2019-08-07T00:33:27.838Z,0
2019-08-06T22:36:14.320Z,0
2019-08-06T20:39:00.647Z,0
2019-08-06T18:41:47.624Z,0
2019-08-06T16:44:35.168Z,0
2019-08-06T16:44:30.249Z,0
2019-08-06T14:47:18.869Z,0
2019-08-06T12:50:07.893Z,0
2019-08-06T10:52:57.329Z,0
2019-08-06T10:52:52.963Z,1
2019-08-06T10:22:14.972Z,0
2019-08-06T10:22:10.182Z,1
2019-08-06T10:15:22.906Z,0
2019-08-06T10:05:58.238Z,1
2019-08-06T10:04:04.011Z,0
2019-08-06T10:03:57.531Z,1
2019-08-06T09:52:48.960Z,0
2019-08-06T07:55:38.555Z,0
2019-08-06T05:58:28.210Z,0
2019-08-06T04:01:17.081Z,0
2019-08-06T02:04:05.412Z,0
2019-08-06T00:06:53.063Z,0
2019-08-05T22:09:40.824Z,0
2019-08-05T20:12:52.633Z,0
2019-08-05T18:14:43.903Z,0
2019-08-05T16:17:32.837Z,0
2019-08-05T14:20:23.110Z,0
2019-08-05T12:23:13.940Z,0
2019-08-05T10:26:04.939Z,0
2019-08-05T10:25:59.848Z,1
2019-08-05T10:18:10.381Z,0
2019-08-05T10:18:05.021Z,1
2019-08-05T10:05:22.087Z,0
2019-08-05T10:05:13.367Z,1
2019-08-05T09:08:11.451Z,0
2019-08-05T07:11:02.595Z,0
2019-08-05T05:13:53.879Z,0
2019-08-05T03:16:44.606Z,0
2019-08-05T01:19:35.320Z,0
2019-08-04T23:22:24.548Z,0
2019-08-04T21:25:15.103Z,0
2019-08-04T19:28:06.554Z,0
2019-08-04T17:30:58.756Z,0
2019-08-04T14:14:00.853Z,0
2019-08-04T12:16:49.298Z,0
2019-08-04T10:19:39.809Z,0
2019-08-04T08:22:35.114Z,0
2019-08-04T04:00:50.508Z,0
2019-08-03T17:04:51.141Z,0
2019-08-03T15:07:38.308Z,0
2019-08-03T13:10:26.102Z,0
2019-08-03T11:13:14.558Z,0
2019-08-03T09:16:03.542Z,0
2019-08-03T07:18:53.184Z,0
2019-08-03T07:18:48.660Z,1
2019-08-03T06:59:39.261Z,0
2019-08-03T05:02:29.267Z,0
2019-08-03T03:05:19.192Z,0
2019-08-03T01:08:09.168Z,0
2019-08-02T23:10:58.360Z,0
2019-08-02T21:13:47.333Z,0
2019-08-02T19:16:36.347Z,0
2019-08-02T17:19:25.682Z,0
2019-08-02T15:22:14.699Z,0
2019-08-02T13:25:04.057Z,0
2019-08-02T11:27:54.513Z,0
2019-08-02T09:30:45.426Z,0
2019-08-02T07:33:36.674Z,0
2019-08-02T05:36:28.452Z,0
2019-08-02T05:36:23.908Z,1
2019-08-02T04:26:58.818Z,0
2019-08-02T03:00:43.630Z,0
2019-08-01T21:01:42.364Z,0
2019-08-01T19:04:28.723Z,0
2019-08-01T17:07:16.215Z,0
2019-08-01T15:10:04.877Z,0
2019-08-01T13:12:54.096Z,0
2019-08-01T11:15:43.807Z,0
2019-08-01T09:18:33.364Z,0
2019-08-01T07:21:20.493Z,0
2019-08-01T05:24:08.408Z,0
2019-08-01T03:26:55.236Z,0
2019-08-01T03:26:50.438Z,0
2019-08-01T01:29:36.546Z,0
2019-08-01T01:29:31.688Z,0
2019-07-31T23:32:17.960Z,0
2019-07-31T21:35:04.482Z,0
2019-07-31T19:37:50.973Z,0
2019-07-31T17:40:38.127Z,0
2019-07-31T15:43:26.218Z,0
2019-07-31T15:43:14.333Z,1
2019-07-31T14:24:31.161Z,0
2019-07-31T12:27:19.637Z,0
2019-07-31T10:30:08.207Z,0
2019-07-31T10:30:03.625Z,1
2019-07-31T08:44:52.790Z,0
2019-07-31T06:47:41.488Z,0
2019-07-31T04:50:29.830Z,0
2019-07-31T04:50:29.601Z,1
2019-07-31T04:14:15.681Z,0
2019-07-31T02:17:03.766Z,0
2019-07-31T02:17:01.298Z,1
2019-07-31T02:16:59.035Z,0
2019-07-31T02:15:17.405Z,1
2019-07-31T01:28:31.856Z,0
2019-07-30T23:31:18.729Z,0
2019-07-30T23:30:45.971Z,1
2019-07-30T22:20:49.810Z,0
2019-07-30T20:23:36.712Z,0
2019-07-30T18:26:23.566Z,0
2019-07-30T16:29:10.341Z,0
2019-07-30T14:31:58.114Z,0
2019-07-30T12:34:46.584Z,0
2019-07-30T10:37:35.366Z,0
2019-07-30T10:37:30.542Z,1
2019-07-30T10:06:44.086Z,0
2019-07-30T08:09:32.845Z,0
2019-07-30T06:12:21.532Z,0
2019-07-30T04:15:09.770Z,0
2019-07-30T02:17:57.393Z,0
2019-07-30T00:20:45.072Z,0
2019-07-29T22:23:32.354Z,0
2019-07-29T20:26:19.243Z,0
2019-07-29T18:29:06.616Z,0
2019-07-29T16:31:54.856Z,0
2019-07-29T14:34:44.064Z,0
2019-07-29T12:37:34.380Z,0
2019-07-29T10:40:24.413Z,0
2019-07-29T10:40:19.691Z,1
2019-07-29T10:34:07.471Z,0
2019-07-29T08:36:57.373Z,0
2019-07-29T06:39:47.157Z,0
2019-07-29T04:42:36.397Z,0
2019-07-29T02:45:24.777Z,0
2019-07-29T02:45:18.547Z,1
2019-07-29T01:59:37.713Z,0
2019-07-29T00:26:46.037Z,1
2019-07-28T23:48:40.352Z,0
2019-07-28T23:46:13.689Z,1
2019-07-28T22:28:44.100Z,0
2019-07-28T22:28:39.174Z,0
2019-07-28T22:28:28.809Z,1
2019-07-28T20:35:21.258Z,0
2019-07-28T18:38:09.433Z,0
2019-07-28T16:40:58.237Z,0
2019-07-28T14:43:48.078Z,0
2019-07-28T12:46:38.292Z,0
2019-07-28T12:46:33.215Z,1
2019-07-28T11:31:25.248Z,0
2019-07-28T09:34:16.071Z,0
2019-07-28T07:37:06.804Z,0
2019-07-28T05:39:57.458Z,0
2019-07-28T03:42:47.725Z,0
2019-07-28T01:45:37.744Z,0
2019-07-27T23:48:27.051Z,0
2019-07-27T21:51:15.989Z,0
2019-07-27T19:54:04.312Z,0
2019-07-27T17:56:49.525Z,0
2019-07-27T15:59:40.957Z,0
2019-07-27T14:02:23.441Z,0
2019-07-27T12:05:14.133Z,0
2019-07-27T12:05:09.389Z,1
2019-07-27T11:27:01.403Z,0
2019-07-27T09:29:52.970Z,0
2019-07-27T08:11:30.613Z,0
2019-07-27T08:11:30.456Z,1
2019-07-27T08:11:29.572Z,0
2019-07-27T07:32:44.555Z,0
2019-07-27T05:35:36.603Z,0
2019-07-26T05:56:07.640Z,0
2019-07-26T03:57:24.466Z,0
2019-07-26T02:00:11.761Z,0
2019-07-26T00:02:58.430Z,0
2019-07-25T22:05:44.880Z,0
2019-07-25T22:05:36.489Z,1
2019-07-25T20:27:04.147Z,0
2019-07-25T18:29:50.413Z,0
2019-07-25T16:32:36.858Z,0
2019-07-25T14:35:24.061Z,0
2019-07-25T12:38:12.098Z,0
2019-07-25T10:41:00.421Z,0
2019-07-25T10:40:35.655Z,1
2019-07-25T09:34:35.715Z,0
2019-07-25T07:37:23.832Z,0
2019-07-25T05:40:11.546Z,0
2019-07-25T03:42:58.750Z,0
2019-07-25T01:45:45.520Z,0
2019-07-24T23:48:32.203Z,0
2019-07-24T21:51:18.475Z,0
2019-07-24T19:54:04.294Z,0
2019-07-24T17:56:50.372Z,0
2019-07-24T15:59:36.873Z,0
2019-07-24T14:02:24.324Z,0
2019-07-24T12:05:12.116Z,0
2019-07-24T10:08:00.033Z,0
2019-07-24T08:10:47.654Z,0
2019-07-24T06:13:33.928Z,0
2019-07-24T04:16:19.787Z,0
2019-07-24T02:19:05.505Z,0
2019-07-24T00:21:51.014Z,0
2019-07-23T22:24:36.510Z,0
2019-07-23T20:27:22.492Z,0
2019-07-23T18:30:38.706Z,0
2019-07-23T15:46:43.201Z,0
2019-07-23T13:49:29.642Z,0
2019-07-23T11:52:16.009Z,0
2019-07-23T11:51:39.755Z,1
2019-07-23T11:33:40.441Z,0
2019-07-23T09:36:25.875Z,0
2019-07-23T07:39:12.128Z,0
2019-07-23T05:41:58.024Z,0
2019-07-23T03:44:43.621Z,0
2019-07-23T01:47:28.489Z,0
2019-07-22T21:56:30.268Z,0
2019-07-22T21:54:38.462Z,1
2019-07-22T21:54:15.830Z,0
2019-07-22T21:53:20.879Z,1
2019-07-22T20:14:30.733Z,0
2019-07-22T18:17:14.181Z,0
2019-07-22T16:19:58.756Z,0
2019-07-22T14:22:44.499Z,0
2019-07-22T12:25:30.734Z,0
2019-07-22T12:25:28.317Z,1
2019-07-22T11:49:04.018Z,0
2019-07-22T09:51:49.281Z,0
2019-07-22T07:54:35.391Z,0
2019-07-22T05:57:21.346Z,0
2019-07-22T04:00:36.774Z,0
2019-07-22T01:22:04.201Z,0
2019-07-21T23:24:48.299Z,0
2019-07-21T21:27:32.134Z,0
2019-07-21T19:30:16.056Z,0
2019-07-21T17:33:00.665Z,0
2019-07-21T15:35:46.173Z,0
2019-07-21T15:35:41.373Z,0
2019-07-21T13:38:27.631Z,0
2019-07-21T11:41:14.005Z,0
2019-07-21T09:44:00.430Z,0
2019-07-21T07:46:46.423Z,0
2019-07-21T05:49:31.427Z,0
2019-07-21T03:52:14.652Z,0
2019-07-21T01:54:56.976Z,0
2019-07-20T23:57:38.931Z,0
2019-07-20T22:00:20.121Z,0
2019-07-20T20:03:01.100Z,0
2019-07-20T18:05:37.592Z,0
2019-07-20T16:08:20.041Z,0
2019-07-20T14:11:02.858Z,0
2019-07-20T12:13:45.706Z,0
2019-07-20T10:16:28.751Z,0
2019-07-20T08:19:11.501Z,0
2019-07-20T06:21:54.130Z,0
2019-07-20T04:24:36.668Z,0
2019-07-20T02:27:19.011Z,0
2019-07-20T00:30:01.186Z,0
2019-07-19T22:32:43.084Z,0
2019-07-19T20:35:24.702Z,0
2019-07-19T18:38:06.033Z,0
2019-07-19T16:40:47.963Z,0
2019-07-19T14:43:30.849Z,0
2019-07-19T12:46:13.800Z,0
2019-07-19T10:48:56.671Z,0
2019-07-19T08:51:39.616Z,0
2019-07-19T06:54:22.327Z,0
2019-07-19T04:57:04.990Z,0
2019-07-19T02:59:47.694Z,0
2019-07-19T01:02:30.315Z,0
2019-07-18T23:05:12.631Z,0
2019-07-18T21:07:54.534Z,0
2019-07-18T19:10:36.113Z,0
2019-07-18T17:13:17.201Z,0
2019-07-18T17:13:12.205Z,0
2019-07-18T15:15:54.692Z,0
2019-07-18T13:18:38.012Z,0
2019-07-18T11:21:21.584Z,0
2019-07-18T09:24:05.093Z,0
2019-07-18T07:26:48.442Z,0
2019-07-18T05:29:31.457Z,0
2019-07-18T03:32:14.289Z,0
2019-07-18T01:34:57.031Z,0
2019-07-17T23:37:39.703Z,0
2019-07-17T21:40:22.011Z,0
2019-07-17T19:43:03.705Z,0
2019-07-17T17:45:45.131Z,0
2019-07-17T15:48:27.054Z,0
2019-07-17T13:51:10.033Z,0
2019-07-17T11:53:54.064Z,0
2019-07-17T09:56:36.392Z,0
2019-07-17T09:56:31.555Z,0
2019-07-17T07:59:14.664Z,0
2019-07-17T06:01:57.556Z,0
2019-07-17T04:04:40.165Z,0
2019-07-17T02:07:22.375Z,0
2019-07-17T00:10:04.209Z,0
2019-07-16T22:12:45.663Z,0
2019-07-16T20:15:26.633Z,0
2019-07-16T18:18:07.505Z,0
2019-07-16T16:21:12.174Z,0
2019-07-16T14:23:08.492Z,0
2019-07-16T13:43:13.834Z,0
2019-07-16T13:42:50.176Z,0
2019-07-16T11:45:16.270Z,0
2019-07-16T09:47:59.256Z,0
2019-07-16T07:50:41.924Z,0
2019-07-16T05:53:24.236Z,0
2019-07-16T03:56:06.437Z,0
2019-07-16T01:58:48.359Z,0
2019-07-16T00:01:29.997Z,0
2019-07-15T22:04:11.269Z,0
2019-07-15T20:06:52.201Z,0
2019-07-15T18:09:32.996Z,0
2019-07-15T16:12:14.727Z,0
2019-07-15T14:14:57.580Z,0
2019-07-15T12:17:40.912Z,0
2019-07-15T10:20:24.372Z,0
2019-07-15T08:23:07.420Z,0
2019-07-15T06:25:49.934Z,0
2019-07-15T04:28:32.191Z,0
2019-07-15T02:31:14.414Z,0
2019-07-15T00:33:56.281Z,0
2019-07-14T22:36:53.314Z,0
2019-07-14T22:36:27.723Z,0
2019-07-14T20:39:04.196Z,0
2019-07-14T18:41:45.893Z,0
2019-07-14T16:44:28.667Z,0
2019-07-14T14:47:12.864Z,0
2019-07-14T12:49:57.707Z,0
2019-07-14T10:52:42.884Z,0
2019-07-14T08:55:27.891Z,0
2019-07-14T06:58:12.715Z,0
2019-07-14T05:00:57.425Z,0
2019-07-14T03:03:41.783Z,0
2019-07-14T01:06:26.059Z,0
2019-07-13T23:09:09.681Z,0
2019-07-13T21:11:53.127Z,0
2019-07-13T19:14:36.455Z,0
2019-07-13T17:17:20.211Z,0
2019-07-13T15:20:05.440Z,0
2019-07-13T13:22:51.470Z,0
2019-07-13T11:25:37.840Z,0
2019-07-13T09:28:24.246Z,0
2019-07-13T07:31:10.532Z,0
2019-07-13T05:33:56.282Z,0
2019-07-13T03:36:41.377Z,0
2019-07-13T01:39:26.339Z,0
2019-07-12T23:42:10.402Z,0
2019-07-12T23:41:47.419Z,1
2019-07-12T23:38:33.698Z,0
2019-07-12T23:37:27.780Z,1
2019-07-12T22:27:14.557Z,0
2019-07-12T20:29:58.182Z,0
2019-07-12T18:32:41.777Z,0
2019-07-12T16:35:26.395Z,0
2019-07-12T14:38:12.863Z,0
2019-07-12T12:41:00.064Z,0
2019-07-12T10:43:47.318Z,0
2019-07-12T10:43:42.368Z,1
2019-07-12T10:13:44.493Z,0
2019-07-12T08:16:31.467Z,0
2019-07-12T06:19:18.106Z,0
2019-07-12T04:22:03.936Z,0
2019-07-12T02:24:49.220Z,0
2019-07-12T00:27:34.261Z,0
2019-07-11T22:30:19.340Z,0
2019-07-11T20:33:04.862Z,0
2019-07-11T18:35:49.220Z,0
2019-07-11T16:38:35.579Z,0
2019-07-11T14:41:23.189Z,0
2019-07-11T12:44:11.383Z,0
2019-07-11T12:44:02.387Z,1
2019-07-11T10:51:04.798Z,0
2019-07-11T10:51:00.316Z,1
2019-07-11T08:56:08.948Z,0
2019-07-11T06:58:56.767Z,0
2019-07-11T05:01:43.923Z,0
2019-07-11T03:04:30.316Z,0
2019-07-11T03:04:27.182Z,1
2019-07-11T02:11:56.885Z,0
2019-07-11T00:14:42.646Z,0
2019-07-10T22:17:28.479Z,0
2019-07-10T20:20:14.479Z,0
2019-07-10T18:23:00.876Z,0
2019-07-10T16:25:48.226Z,0
2019-07-10T14:28:36.650Z,0
2019-07-10T12:31:25.595Z,0
2019-07-10T10:34:14.636Z,0
2019-07-10T10:34:09.032Z,1
2019-07-10T08:55:35.390Z,0
2019-07-10T06:58:24.237Z,0
2019-07-10T05:01:12.022Z,0
2019-07-10T03:03:58.697Z,0
2019-07-10T01:06:45.128Z,0
2019-07-09T23:09:31.187Z,0
2019-07-09T21:12:16.899Z,0
2019-07-09T21:11:53.363Z,1
2019-07-09T20:16:41.816Z,0
2019-07-09T18:19:28.095Z,0
2019-07-09T18:19:20.297Z,1
2019-07-09T18:10:24.524Z,0
2019-07-09T18:10:17.159Z,1
2019-07-09T17:20:17.349Z,0
2019-07-09T15:23:05.804Z,0
2019-07-09T13:25:55.346Z,0
2019-07-09T11:28:45.225Z,0
2019-07-09T11:28:40.475Z,1
2019-07-09T09:38:44.164Z,0
2019-07-09T07:41:34.276Z,0
2019-07-09T05:44:23.955Z,0
2019-07-09T03:47:12.848Z,0
2019-07-09T01:50:00.692Z,0
2019-07-08T23:52:48.290Z,0
2019-07-08T21:55:36.088Z,0
2019-07-08T20:36:46.164Z,0
2019-07-08T19:58:23.527Z,0
2019-07-08T18:01:01.367Z,0
2019-07-08T07:38:12.522Z,0
2019-07-08T05:17:44.491Z,0
2019-07-08T05:17:44.213Z,1
2019-07-08T03:05:13.116Z,1
2019-06-23T00:39:47.075Z,0
2019-06-22T22:42:35.474Z,0
2019-06-22T21:58:21.605Z,1
2019-06-22T21:58:03.907Z,0
2019-06-22T21:57:47.548Z,1
2019-06-22T21:55:41.228Z,0
2019-06-22T21:55:35.913Z,1
2019-06-22T21:55:33.827Z,0
2019-06-22T21:55:22.520Z,1
2019-06-22T21:52:30.874Z,0
2019-06-22T21:52:26.891Z,1
2019-06-22T20:26:17.512Z,0
2019-06-22T18:29:01.140Z,0
2019-06-22T16:31:46.155Z,0
2019-06-22T14:34:32.188Z,0
2019-06-22T12:37:18.938Z,0
2019-06-22T12:37:14.257Z,1
2019-06-22T12:12:42.673Z,0
2019-06-22T10:15:29.546Z,0
2019-06-22T08:18:16.315Z,0
2019-06-22T06:21:02.695Z,0
2019-06-22T04:23:48.617Z,0
2019-06-22T02:26:33.743Z,0
2019-06-22T00:29:18.224Z,0
2019-06-21T22:32:01.957Z,0
2019-06-21T20:34:45.703Z,0
2019-06-21T20:34:40.880Z,0
2019-06-21T18:37:25.096Z,0
2019-06-21T16:40:09.984Z,0
2019-06-21T14:42:56.428Z,0
2019-06-21T12:45:43.567Z,0
2019-06-21T10:48:35.845Z,0
2019-06-21T10:48:30.746Z,1
2019-06-21T10:11:54.779Z,0
2019-06-21T08:14:42.301Z,0
2019-06-21T06:17:29.737Z,0
2019-06-21T04:20:16.854Z,0
2019-06-21T02:23:03.438Z,0
2019-06-21T00:25:49.799Z,0
2019-06-20T22:28:36.163Z,0
2019-06-20T20:31:22.422Z,0
2019-06-20T18:34:09.218Z,0
2019-06-20T16:36:56.411Z,0
2019-06-20T14:39:43.947Z,0
2019-06-20T12:42:32.538Z,0
2019-06-20T10:45:19.950Z,0
2019-06-20T10:45:14.819Z,1
2019-06-20T10:14:09.840Z,0
2019-06-20T08:16:58.173Z,0
2019-06-20T06:19:46.344Z,0
2019-06-20T04:22:33.754Z,0
2019-06-20T02:25:20.257Z,0
2019-06-20T00:28:06.382Z,0
2019-06-19T22:30:52.868Z,0
2019-06-19T20:33:39.286Z,0
2019-06-19T18:36:26.082Z,0
2019-06-19T16:39:13.533Z,0
2019-06-19T14:42:01.804Z,0
2019-06-19T12:44:50.766Z,0
2019-06-19T10:47:40.066Z,0
2019-06-19T10:47:35.203Z,1
2019-06-19T10:01:26.167Z,0
2019-06-19T08:04:15.370Z,0
2019-06-19T06:07:04.592Z,0
2019-06-19T04:09:53.321Z,0
2019-06-19T02:12:41.477Z,0
2019-06-19T00:15:29.722Z,0
2019-06-18T22:18:17.746Z,0
2019-06-18T20:21:05.321Z,0
2019-06-18T18:25:13.057Z,0
2019-06-18T18:24:52.996Z,0
2019-06-18T18:24:47.997Z,0
2019-06-18T18:24:44.372Z,0
2019-06-18T18:24:11.958Z,0
2019-06-18T18:24:06.954Z,0
2019-06-18T18:24:02.517Z,0
2019-06-18T18:23:36.924Z,0
2019-06-18T18:17:49.643Z,0
2019-06-18T18:17:29.100Z,0
2019-06-11T00:51:09.985Z,0
2019-06-10T22:54:01.019Z,0
2019-06-10T22:53:47.048Z,1
2019-06-10T22:52:15.983Z,0
2019-06-10T20:55:06.791Z,0
2019-06-10T18:58:53.602Z,0
2019-06-10T18:57:57.089Z,0
2019-06-10T16:59:43.112Z,0
2019-06-10T16:59:30.914Z,0
2019-05-25T14:44:54.481Z,0
2019-05-25T12:47:45.034Z,0
2019-05-25T10:50:34.921Z,0
2019-05-25T08:53:23.954Z,0
2019-05-25T06:56:12.743Z,0
2019-05-25T04:59:01.709Z,0
2019-05-25T03:03:43.521Z,0
2019-05-25T01:06:30.667Z,0
2019-05-25T01:06:20.183Z,1
2019-05-24T23:24:36.418Z,0
2019-05-24T23:24:22.728Z,1
2019-05-24T23:11:47.758Z,0
2019-05-24T21:14:35.147Z,0
2019-05-24T19:17:22.435Z,0
2019-05-24T17:20:10.503Z,0
2019-05-24T15:22:59.414Z,0
2019-05-24T13:25:48.924Z,0
2019-05-24T11:28:38.758Z,0
2019-05-24T09:31:28.644Z,0
2019-05-24T07:34:18.376Z,0
2019-05-24T05:37:07.744Z,0
2019-05-24T03:39:56.905Z,0
2019-05-24T01:42:44.710Z,0
2019-05-23T23:45:32.586Z,0
2019-05-23T21:48:19.863Z,0
2019-05-23T19:51:07.109Z,0
2019-05-23T17:53:54.488Z,0
2019-05-23T17:53:50.063Z,0
2019-05-23T15:56:37.782Z,0
2019-05-23T15:56:21.726Z,1
2019-05-23T15:40:42.383Z,0
2019-05-23T13:43:32.051Z,0
2019-05-23T11:46:21.987Z,0
2019-05-23T09:49:11.531Z,0
2019-05-23T07:52:01.358Z,0
2019-05-23T05:54:50.716Z,0
2019-05-23T03:57:39.308Z,0
2019-05-23T02:00:27.595Z,0
2019-05-23T00:03:16.181Z,0
2019-05-22T22:06:03.981Z,0
2019-05-22T20:08:52.425Z,0
2019-05-22T18:11:40.711Z,0
2019-05-22T16:14:30.080Z,0
2019-05-22T14:17:20.560Z,0
2019-05-22T12:20:10.898Z,0
2019-05-22T11:45:01.467Z,0
2019-05-22T09:47:52.412Z,0
2019-05-22T07:50:43.192Z,0
2019-05-22T05:53:33.780Z,0
2019-05-22T03:56:23.306Z,0
2019-05-22T01:59:12.260Z,0
2019-05-22T00:02:01.078Z,0
2019-05-21T22:04:49.452Z,0
2019-05-21T20:07:38.077Z,0
2019-05-21T18:10:26.489Z,0
2019-05-21T16:13:15.445Z,0
2019-05-21T14:16:05.969Z,0
2019-05-21T12:18:56.953Z,0
2019-05-21T10:21:48.138Z,0
2019-05-21T08:24:39.522Z,0
2019-05-21T06:27:30.015Z,0
2019-05-21T04:30:20.096Z,0
2019-05-21T02:33:09.561Z,0
2019-05-21T00:35:58.727Z,0
2019-05-20T22:38:47.676Z,0
2019-05-20T20:41:36.467Z,0
2019-05-20T18:44:25.317Z,0
2019-05-20T16:47:14.890Z,0
2019-05-20T14:50:04.311Z,0
2019-05-20T12:52:54.360Z,0
2019-05-20T10:55:45.060Z,0
2019-05-20T08:58:35.381Z,0
2019-05-20T07:01:25.648Z,0
2019-05-20T05:04:15.536Z,0
2019-05-20T03:07:05.092Z,0
2019-05-20T01:09:53.803Z,0
2019-05-19T23:12:42.330Z,0
2019-05-19T21:15:30.487Z,0
2019-05-19T19:18:18.312Z,0
2019-05-19T17:21:06.219Z,0
2019-05-19T15:23:55.254Z,0
2019-05-19T13:26:45.125Z,0
2019-05-19T11:29:35.211Z,0
2019-05-19T09:32:25.085Z,0
2019-05-19T07:35:14.751Z,0
2019-05-19T05:38:04.299Z,0
2019-05-19T03:40:53.379Z,0
2019-05-19T01:43:42.332Z,0
2019-05-19T01:43:37.436Z,1
2019-05-19T01:08:01.997Z,0
2019-05-19T01:05:24.426Z,1
2019-05-18T23:13:49.474Z,0
2019-05-18T21:16:37.446Z,0
2019-05-18T19:19:25.622Z,0
2019-05-18T19:19:20.668Z,0
2019-05-18T18:54:10.199Z,0
2019-05-18T16:56:58.310Z,0
2019-05-18T14:59:47.858Z,0
2019-05-18T13:02:38.352Z,0
2019-05-18T11:05:29.568Z,0
2019-05-18T09:08:19.726Z,0
2019-05-18T07:11:09.428Z,0
2019-05-18T05:13:59.498Z,0
2019-05-18T03:16:48.965Z,0
2019-05-18T01:19:37.447Z,0
2019-05-17T23:22:25.505Z,0
2019-05-17T21:25:14.092Z,0
2019-05-17T19:28:02.618Z,0
2019-05-17T17:30:50.901Z,0
2019-05-17T15:33:40.178Z,0
2019-05-17T13:36:30.460Z,0
2019-05-17T11:39:21.394Z,0
2019-05-17T09:42:12.510Z,0
2019-05-17T07:45:03.410Z,0
2019-05-17T05:47:54.008Z,0
2019-05-17T03:50:44.033Z,0
2019-05-17T01:53:33.725Z,0
2019-05-16T23:56:22.963Z,0
2019-05-16T21:59:12.227Z,0
2019-05-16T20:02:02.575Z,0
2019-05-16T20:01:52.455Z,1
2019-05-16T19:55:28.113Z,0
2019-05-16T19:55:22.135Z,1
2019-05-16T18:31:24.435Z,0
2019-05-16T16:34:15.938Z,0
2019-05-16T14:37:08.930Z,0
2019-05-16T12:40:02.400Z,0
2019-05-16T10:42:56.538Z,0
2019-05-16T08:45:50.233Z,0
2019-05-16T06:48:43.585Z,0
2019-05-16T04:51:36.300Z,0
2019-05-16T02:54:28.598Z,0
2019-05-16T00:57:20.804Z,0
2019-05-15T23:00:13.248Z,0
2019-05-15T19:06:00.019Z,0
2019-05-15T17:08:54.073Z,0
2019-05-15T15:11:49.198Z,0
2019-05-15T13:14:45.189Z,0
2019-05-15T11:17:41.421Z,0
2019-05-15T09:20:37.366Z,0
2019-05-15T07:23:32.636Z,0
2019-05-15T05:26:26.854Z,0
2019-05-15T03:29:20.575Z,0
2019-05-15T01:32:13.375Z,0
2019-05-15T01:32:05.906Z,1
2019-05-15T00:26:40.169Z,0
2019-05-14T22:29:32.782Z,0
2019-05-14T20:32:25.672Z,0
2019-05-14T18:35:18.401Z,0
2019-05-14T16:38:11.749Z,0
2019-05-14T14:41:05.872Z,0
2019-05-14T12:44:00.746Z,0
2019-05-14T12:43:55.493Z,1
2019-05-14T12:15:57.496Z,0
2019-05-14T12:15:46.245Z,1
2019-05-14T10:49:22.546Z,0
2019-05-14T08:52:15.753Z,0
2019-05-14T06:55:08.084Z,0
2019-05-14T04:57:59.573Z,0
2019-05-14T03:00:50.337Z,0
2019-05-14T01:03:41.119Z,0
2019-05-13T23:06:31.417Z,0
2019-05-13T21:09:21.781Z,0
2019-05-13T19:12:12.072Z,0
2019-05-13T17:15:02.500Z,0
2019-05-13T15:17:53.270Z,0
2019-05-13T13:20:44.387Z,0
2019-05-13T11:23:35.544Z,0
2019-05-13T09:26:26.125Z,0
2019-05-13T07:29:15.975Z,0
2019-05-13T06:59:35.716Z,0
2019-05-13T05:02:25.372Z,0
2019-05-13T03:05:15.386Z,0
2019-05-13T01:08:04.325Z,0
2019-05-12T23:10:53.338Z,0
2019-05-12T21:13:43.689Z,0
2019-05-12T19:16:34.946Z,0
2019-05-12T17:19:25.916Z,0
2019-05-12T15:22:16.639Z,0
2019-05-12T13:25:07.605Z,0
2019-05-12T11:27:58.530Z,0
2019-05-12T09:30:48.454Z,0
2019-05-12T07:55:34.739Z,0
2019-05-12T05:58:25.088Z,0
2019-05-12T04:01:15.506Z,0
2019-05-12T02:04:05.874Z,0
2019-05-12T00:06:55.935Z,0
2019-05-11T22:09:45.631Z,0
2019-05-11T20:12:35.350Z,0
2019-05-11T18:15:25.671Z,0
2019-05-11T16:18:16.547Z,0
2019-05-11T14:21:07.616Z,0
2019-05-11T12:23:58.255Z,0
2019-05-11T10:26:49.957Z,0
2019-05-11T08:29:41.213Z,0
2019-05-11T06:32:32.199Z,0
2019-05-11T04:35:22.592Z,0
2019-05-11T02:38:11.760Z,0
2019-05-11T00:41:00.897Z,0
2019-05-10T22:43:49.674Z,0
2019-05-10T20:46:38.092Z,0
2019-05-10T18:49:26.691Z,0
2019-05-10T16:52:16.625Z,0
2019-05-10T14:55:06.725Z,0
2019-05-10T12:57:57.268Z,0
2019-05-10T11:00:47.786Z,0
2019-05-10T09:03:38.355Z,0
2019-05-10T07:06:29.041Z,0
2019-05-10T05:09:19.648Z,0
2019-05-10T03:12:10.112Z,0
2019-05-10T01:15:00.051Z,0
2019-05-09T23:17:50.115Z,0
2019-05-09T21:20:39.519Z,0
2019-05-07T04:39:45.225Z,0
2019-05-07T02:42:35.749Z,0
2019-05-07T00:45:26.230Z,0
2019-05-06T22:48:16.910Z,0
2019-05-06T20:51:07.749Z,0
2019-04-24T09:08:00.620Z,0
2019-04-24T07:10:55.251Z,0
2019-04-24T05:13:49.209Z,0
2019-04-24T03:16:42.587Z,0
2019-04-24T01:19:35.754Z,0
2019-04-23T23:22:29.219Z,0
2019-04-23T21:25:23.271Z,0
2019-04-23T19:28:17.355Z,0
2019-04-23T17:31:12.204Z,0
2019-04-23T15:34:08.501Z,0
2019-04-23T13:37:05.651Z,0
2019-04-23T11:40:03.114Z,0
2019-04-23T09:43:00.220Z,0
2019-04-23T07:45:56.970Z,0
2019-04-23T05:48:53.124Z,0
2019-04-23T03:51:49.106Z,0
2019-04-23T01:54:43.873Z,0
2019-04-22T23:57:38.596Z,0
2019-04-22T22:00:33.504Z,0
2019-04-22T20:03:29.116Z,0
2019-04-22T18:06:25.662Z,0
2019-04-22T16:09:22.727Z,0
2019-04-22T14:12:19.770Z,0
2019-04-22T12:16:29.392Z,0
2019-04-22T12:15:17.984Z,0
2019-04-22T10:16:55.684Z,0
2019-04-22T08:19:53.654Z,0
2019-04-22T06:22:51.498Z,0
2019-04-22T04:25:48.383Z,0
2019-04-22T02:28:44.174Z,0
2019-04-22T00:31:39.017Z,0
2019-04-21T22:34:33.035Z,0
2019-04-21T20:37:28.612Z,0
2019-04-21T18:20:05.991Z,0
2019-04-21T16:23:02.443Z,0
2019-04-21T14:25:59.036Z,0
2019-04-21T12:28:56.822Z,0
2019-04-21T10:31:54.746Z,0
2019-04-21T08:34:52.483Z,0
2019-04-21T06:37:50.094Z,0
2019-04-21T04:40:47.870Z,0
2019-04-21T02:43:44.490Z,0
2019-04-21T00:46:40.927Z,0
2019-04-20T22:49:37.987Z,0
2019-04-20T20:52:35.152Z,0
2019-04-20T18:55:32.118Z,0
2019-04-20T16:58:29.913Z,0
2019-04-20T15:01:28.455Z,0
2019-04-20T15:01:14.341Z,1
2019-04-20T14:49:47.676Z,0
2019-04-20T12:52:46.689Z,0
2019-04-20T10:55:46.311Z,0
2019-04-20T08:58:44.800Z,0
2019-04-20T07:01:42.083Z,0
2019-04-20T05:04:38.576Z,0
2019-04-20T03:07:33.621Z,0
2019-04-20T02:57:26.266Z,0
2019-04-20T01:00:20.059Z,0
2019-04-19T23:03:13.577Z,0
2019-04-19T21:06:06.714Z,0
2019-03-08T13:40:10.167Z,0
2019-03-08T11:43:12.964Z,0
2019-03-08T09:46:15.114Z,0
2019-03-08T07:49:17.566Z,0
2019-03-08T05:52:19.108Z,0
2019-03-08T03:55:21.589Z,0
2019-03-08T01:58:23.463Z,0
2019-03-07T22:04:27.027Z,0
2019-03-07T20:07:28.796Z,0
2019-03-07T18:10:30.714Z,0
2019-03-07T16:13:33.424Z,0
2019-03-07T14:16:37.009Z,0
2019-03-07T12:19:39.935Z,0
2019-03-07T10:22:42.609Z,0
2019-03-07T08:25:45.202Z,0
2019-03-07T06:28:47.422Z,0
2019-03-07T04:31:49.431Z,0
2019-03-07T02:34:51.231Z,0
2019-03-07T00:37:52.827Z,0
2019-03-06T22:40:54.460Z,0
2019-02-21T00:45:34.710Z,0
2019-02-20T22:48:36.492Z,0
2019-02-17T22:40:32.073Z,0
2019-02-17T20:43:32.798Z,0
2019-02-17T18:46:33.451Z,0
2019-02-17T16:49:34.681Z,0
2019-02-17T14:52:35.600Z,0
2019-02-17T12:55:36.687Z,0
2019-02-17T10:58:37.533Z,0
2019-02-17T09:01:38.211Z,0
2019-02-17T07:04:38.563Z,0
2019-02-17T05:07:38.817Z,0
2019-02-17T03:10:39.483Z,0
2019-02-17T01:13:39.425Z,0
2019-02-16T23:16:38.732Z,0
2019-02-16T21:19:37.918Z,0
2019-02-16T19:22:36.664Z,0
2019-02-16T17:25:36.169Z,0
2019-02-16T15:28:36.358Z,0
2019-02-16T13:31:36.488Z,0
2019-02-16T11:34:36.265Z,0
2019-02-16T09:37:35.888Z,0
2019-02-16T07:40:35.014Z,0
2019-02-16T05:43:33.638Z,0
2019-02-16T03:46:31.935Z,0
2019-02-16T01:49:30.042Z,0
2019-02-15T23:52:28.340Z,0
2019-02-15T21:55:28.295Z,0
2019-02-15T19:58:27.848Z,0
2019-02-15T18:01:28.011Z,0
2019-02-15T16:04:28.273Z,0
2019-02-15T14:07:28.610Z,0
2019-02-15T12:10:29.199Z,0
2019-02-15T10:13:30.409Z,0
2019-02-15T08:16:31.076Z,0
2019-02-15T06:19:31.744Z,0
2019-02-15T04:22:31.983Z,0
2019-02-15T02:25:31.888Z,0
2019-02-15T00:28:32.239Z,0
2019-02-14T22:31:32.752Z,0
2019-02-14T20:34:33.222Z,0
2019-02-14T18:37:33.757Z,0
2019-02-14T16:40:34.751Z,0
2019-02-14T14:43:36.029Z,0
2019-02-14T12:46:37.748Z,0
2019-02-14T10:49:39.354Z,0
2019-02-14T08:52:40.857Z,0
2019-02-14T06:55:41.957Z,0
2019-02-14T04:58:42.521Z,0
2019-02-14T03:01:43.101Z,0
2019-02-14T01:04:43.163Z,0
2019-02-13T23:07:43.604Z,0
2019-02-13T21:10:43.513Z,0
2019-02-13T19:13:43.039Z,0
2019-02-13T17:16:43.391Z,0
2019-02-13T15:19:44.093Z,0
2019-02-13T13:22:44.921Z,0
2019-02-13T11:25:45.496Z,0
2019-02-13T09:28:46.058Z,0
2019-02-13T07:31:46.366Z,0
2019-02-13T05:34:46.785Z,0
2019-02-13T05:34:41.864Z,0
2019-02-13T03:37:41.344Z,0
2019-02-13T01:40:39.512Z,0
2019-02-12T23:43:37.032Z,0
2019-02-12T21:46:35.714Z,0
2019-02-12T19:49:34.892Z,0
2019-02-12T17:52:34.375Z,0
2019-02-12T15:55:34.786Z,0
2019-02-12T13:58:34.526Z,0
2019-02-12T12:01:34.744Z,0
2019-02-12T10:04:34.624Z,0
2019-02-12T08:07:34.388Z,0
2019-02-12T06:10:34.596Z,0
2019-02-12T04:13:34.273Z,0
2019-02-12T02:16:33.374Z,0
2019-02-12T00:19:32.696Z,0
2019-02-11T22:22:33.796Z,0
2019-02-11T20:25:34.897Z,0
2019-02-11T18:28:35.859Z,0
2019-02-11T16:31:37.194Z,0
2019-02-11T14:34:38.740Z,0
2019-02-11T12:37:40.090Z,0
2019-02-11T10:40:41.009Z,0
2019-02-11T08:43:41.915Z,0
2019-02-11T06:46:42.500Z,0
2019-02-11T04:49:42.927Z,0
2019-02-11T02:52:42.888Z,0
2019-02-11T00:55:43.080Z,0
2019-02-10T22:58:43.336Z,0
2019-02-10T21:01:44.080Z,0
2019-02-10T19:04:45.787Z,0
2019-02-10T17:07:47.537Z,0
2019-02-10T15:10:49.428Z,0
2019-02-10T13:13:50.709Z,0
2019-02-10T11:16:51.642Z,0
2019-02-10T09:19:52.521Z,0
2019-02-10T07:22:52.988Z,0
2019-02-10T05:25:53.739Z,0
2019-02-10T03:28:53.697Z,0
2019-02-10T01:31:53.254Z,0
2019-02-09T23:34:52.692Z,0
2019-02-09T21:37:52.710Z,0
2019-02-09T19:40:52.238Z,0
2019-02-09T17:43:52.154Z,0
2019-02-09T15:46:51.942Z,0
2019-02-09T15:45:20.301Z,1
2019-02-09T15:45:03.085Z,0
2019-02-09T15:37:35.573Z,1
2019-02-09T15:37:02.267Z,0
2019-02-09T13:40:01.874Z,0
2019-02-09T11:43:01.271Z,0
2019-02-09T09:46:00.681Z,0
2019-02-09T07:48:59.879Z,0
2019-02-09T05:51:58.850Z,0
2019-02-09T03:54:57.851Z,0
2019-02-09T01:57:56.431Z,0
2019-02-09T00:00:55.613Z,0
2019-02-08T22:03:53.961Z,0
2019-02-08T20:06:52.581Z,0
2019-02-08T18:09:50.681Z,0
2019-02-08T16:12:47.820Z,0
2019-02-08T14:15:44.347Z,0
2019-02-08T14:15:40.949Z,1
2019-02-08T14:12:44.380Z,0
2019-02-08T14:12:40.005Z,1
2019-02-08T13:52:30.131Z,0
2019-02-08T11:55:24.213Z,0
2019-02-08T09:58:17.395Z,0
2019-02-08T08:01:09.963Z,0
2019-02-08T06:04:01.892Z,0
2019-02-08T04:06:53.859Z,0
2019-02-08T02:09:45.550Z,0
2019-02-08T00:12:37.996Z,0
2019-02-07T22:15:31.538Z,0
2019-02-07T20:18:25.031Z,0
2019-02-07T18:21:19.792Z,0
2019-02-07T16:24:15.988Z,0
2019-02-07T14:27:12.744Z,0
2019-02-07T12:30:09.860Z,0
2019-02-07T10:33:06.266Z,0
2019-02-07T08:36:02.629Z,0
2019-02-07T06:38:58.756Z,0
2019-02-07T04:41:55.234Z,0
2019-02-07T02:44:51.538Z,0
2019-02-07T00:47:47.314Z,0
2019-02-06T22:50:43.889Z,0
2019-02-06T20:53:41.647Z,0
2019-02-06T20:53:29.608Z,1
2019-02-06T20:51:10.492Z,0
2019-02-06T20:51:05.798Z,1
2019-02-06T19:47:44.605Z,0
2019-02-06T17:50:42.753Z,0
2019-02-06T15:53:40.974Z,0
2019-02-06T13:56:39.206Z,0
2019-02-06T11:59:37.783Z,0
2019-02-06T10:02:36.143Z,0
2019-02-06T08:05:33.602Z,0
2019-02-06T06:08:30.470Z,0
2019-02-06T04:11:27.006Z,0
2019-02-06T02:14:23.928Z,0
2019-02-06T00:17:20.672Z,0
2019-02-05T22:20:18.037Z,0
2019-02-05T20:23:15.756Z,0
2019-02-05T18:26:15.254Z,0
2019-02-05T16:29:14.873Z,0
2019-02-05T14:32:15.039Z,0
2019-02-05T14:32:10.683Z,1
2019-02-05T12:45:43.384Z,0
2019-02-05T10:48:42.838Z,0
2019-02-05T08:51:42.343Z,0
2019-02-05T06:54:41.770Z,0
2019-02-05T04:57:41.339Z,0
2019-02-05T03:00:40.442Z,0
2019-02-04T23:06:39.043Z,0
2019-02-04T23:06:32.016Z,1
2019-02-04T21:41:38.525Z,0
2019-02-04T19:44:38.512Z,0
2019-02-04T17:47:39.218Z,0
2019-02-04T15:50:37.539Z,0
2019-02-04T15:50:34.881Z,1
2019-01-30T21:43:13.691Z,0
2019-01-30T19:46:12.907Z,0
2019-01-30T17:49:12.627Z,0
2019-01-30T15:52:11.991Z,0
2019-01-30T13:55:11.314Z,0
2019-01-30T11:58:11.204Z,0
2019-01-30T10:01:11.405Z,0
2019-01-30T08:04:11.237Z,0
2019-01-30T06:07:10.706Z,0
2019-01-30T04:10:09.727Z,0
2019-01-30T02:13:08.303Z,0
2019-01-30T00:16:05.690Z,0
2019-01-29T22:19:04.058Z,0
2019-01-29T20:22:01.346Z,0
2019-01-29T18:25:00.050Z,0
2019-01-29T16:27:58.443Z,0
2019-01-29T14:30:56.696Z,0
2019-01-29T12:33:54.875Z,0
2019-01-29T10:36:52.958Z,0
2019-01-29T08:39:50.780Z,0
2019-01-29T06:42:48.264Z,0
2019-01-29T04:45:45.409Z,0
2019-01-29T02:48:43.186Z,0
2019-01-29T00:51:41.001Z,0
2019-01-28T22:54:39.009Z,0
2019-01-28T20:57:37.023Z,0
2019-01-28T19:00:35.574Z,0
2019-01-28T15:06:31.812Z,0
2019-01-28T13:09:29.924Z,0
2019-01-28T09:15:26.422Z,0
2019-01-28T07:18:24.007Z,0
2019-01-28T05:21:21.926Z,0
2019-01-28T03:24:20.437Z,0
2019-01-28T01:27:18.802Z,0
2019-01-27T23:30:17.490Z,0
2019-01-27T23:29:49.672Z,1
2019-01-27T23:17:24.395Z,0
2019-01-27T23:00:03.984Z,1
2019-01-27T22:09:29.413Z,0
2019-01-27T20:12:28.282Z,0
2019-01-27T18:15:27.397Z,0
2019-01-27T16:18:26.233Z,0
2019-01-27T16:18:20.059Z,1
2019-01-27T15:32:06.787Z,0
2019-01-27T13:35:07.124Z,0
2019-01-27T11:38:07.042Z,0
2019-01-27T09:41:07.016Z,0
2019-01-27T07:44:06.772Z,0
2019-01-27T05:47:06.725Z,0
2019-01-27T05:47:06.076Z,1
2019-01-27T04:10:52.710Z,0
2019-01-27T02:13:52.125Z,0
2019-01-27T02:12:38.995Z,1
2019-01-27T00:52:40.012Z,0
2019-01-26T22:55:39.365Z,0
2019-01-26T20:58:38.039Z,0
2019-01-26T19:01:37.009Z,0
2019-01-26T17:04:36.403Z,0
2019-01-26T17:02:17.617Z,1
2019-01-26T16:10:34.560Z,0
2019-01-26T14:13:35.003Z,0
2019-01-26T12:16:35.677Z,0
2019-01-26T10:19:36.201Z,0
2019-01-26T08:22:36.517Z,0
2019-01-26T06:25:36.566Z,0
2019-01-26T04:28:36.566Z,0
2019-01-26T02:31:35.683Z,0
2019-01-26T00:34:34.995Z,0
2019-01-25T22:37:34.361Z,0
2019-01-25T20:40:33.696Z,0
2019-01-25T18:43:33.204Z,0
2019-01-25T16:46:33.738Z,0
2019-01-25T14:49:34.514Z,0
2019-01-25T12:52:34.944Z,0
2019-01-25T10:55:35.530Z,0
2019-01-25T08:58:36.263Z,0
2019-01-25T07:01:36.685Z,0
2019-01-25T05:04:37.013Z,0
2019-01-25T03:07:36.982Z,0
2019-01-25T01:10:36.513Z,0
2019-01-25T01:01:56.964Z,1
2019-01-24T23:32:12.810Z,0
2019-01-24T23:32:09.125Z,1
2019-01-24T23:32:04.190Z,1
2019-01-24T23:08:31.110Z,0
2019-01-24T21:11:32.123Z,0
2019-01-24T19:14:32.455Z,0
2019-01-24T17:17:33.553Z,0
2019-01-24T15:20:34.482Z,0
2019-01-24T13:23:35.741Z,0
2019-01-24T11:26:37.714Z,0
2019-01-24T02:27:03.315Z,0
2019-01-24T02:12:00.667Z,0
2019-01-24T01:57:59.911Z,1
2019-01-24T00:37:20.112Z,0
2019-01-23T22:40:15.768Z,0
2019-01-23T20:43:12.273Z,0
2019-01-23T18:46:07.745Z,0
2019-01-23T16:49:05.017Z,0
2019-01-23T14:52:02.511Z,0
2019-01-23T12:55:00.100Z,0
2019-01-23T10:57:57.580Z,0
2019-01-23T09:00:55.327Z,0
2019-01-23T07:03:52.945Z,0
2019-01-23T05:06:50.538Z,0
2019-01-23T03:09:48.362Z,0
2019-01-23T01:12:46.592Z,0
2019-01-22T23:15:45.442Z,0
2019-01-22T21:18:45.739Z,0
2019-01-22T19:59:46.916Z,0
2019-01-22T18:02:43.123Z,0
2019-01-22T16:05:40.037Z,0
2019-01-22T14:08:36.735Z,0
2019-01-22T12:11:34.004Z,0
2019-01-22T10:14:29.949Z,0
2019-01-22T08:17:25.705Z,0
2019-01-22T06:20:21.461Z,0
2019-01-22T04:23:16.651Z,0
2019-01-22T02:26:12.034Z,0
2019-01-22T00:29:07.643Z,0
2019-01-22T00:29:04.290Z,1
2019-01-22T00:28:18.073Z,0
2019-01-22T00:26:46.767Z,1
2019-01-21T23:17:12.284Z,0
2019-01-21T21:20:08.621Z,0
2019-01-21T19:23:06.053Z,0
2019-01-21T19:23:02.916Z,1
2019-01-21T19:23:00.388Z,0
2019-01-21T19:22:57.679Z,1
2019-01-21T19:01:13.057Z,0
2019-01-21T19:01:10.478Z,1
2019-01-21T18:51:24.243Z,0
2019-01-21T18:51:23.794Z,1
2019-01-21T18:51:22.977Z,0
2019-01-21T18:51:22.422Z,1
2019-01-21T18:51:14.654Z,0
2019-01-21T18:42:47.208Z,1
2019-01-21T18:42:46.413Z,0
2019-01-21T18:42:46.107Z,1
2019-01-21T18:42:45.804Z,0
2019-01-21T18:42:45.429Z,1
2019-01-21T18:42:44.968Z,0
2019-01-21T18:27:19.589Z,1
