trigger,device_type,device_id,description,timestamp_ms,timestamp_iso,timestamp_excel,batteryDefect,batteryLevel,batteryLow,batteryVoltage,deviceVersion,doorStatus,lqi,manufacturer,model,ppc.charging,rssi,tamper,
8,10014,FFFFFFFF006eb692,Entry Sensor Front Door New,1574035200000,2019-11-18T00:00:00Z,11/18/2019 00:00:00,0,100,0,2.7,13.26.01,0,36,greenpeak,gpd,0,-84,0,
8,10014,FFFFFFFF006eb692,Entry Sensor Front Door New,1574035630021,2019-11-18T00:07:10.021Z,11/18/2019 00:07:10,0,100,0,2.7,13.26.01,0,16,greenpeak,gpd,0,-88,0,
8,10014,FFFFFFFF006eb692,Entry Sensor Front Door New,1574036530060,2019-11-18T00:22:10.060Z,11/18/2019 00:22:10,0,100,0,2.7,13.26.01,0,40,greenpeak,gpd,0,-84,0,
8,10014,FFFFFFFF006eb692,Entry Sensor Front Door New,1574036808013,2019-11-18T00:26:48.013Z,11/18/2019 00:26:48,0,100,0,2.7,13.26.01,1,124,greenpeak,gpd,0,-70,0,
8,10014,FFFFFFFF006eb692,Entry Sensor Front Door New,1574036866010,2019-11-18T00:27:46.010Z,11/18/2019 00:27:46,0,100,0,2.7,13.26.01,0,124,greenpeak,gpd,0,-70,0,
8,10014,FFFFFFFF006eb692,Entry Sensor Front Door New,1574037430046,2019-11-18T00:37:10.046Z,11/18/2019 00:37:10,0,100,0,2.7,13.26.01,0,28,greenpeak,gpd,0,-86,0,
8,10014,FFFFFFFF006eb692,Entry Sensor Front Door New,1574038310092,2019-11-18T00:51:50.092Z,11/18/2019 00:51:50,0,100,0,2.7,13.26.01,0,20,greenpeak,gpd,0,-87,0,
8,10014,FFFFFFFF006eb692,Entry Sensor Front Door New,1574038329805,2019-11-18T00:52:09.805Z,11/18/2019 00:52:09,0,100,0,2.7,13.26.01,0,44,greenpeak,gpd,0,-83,0,
8,10014,FFFFFFFF006eb692,Entry Sensor Front Door New,1574039229987,2019-11-18T01:07:09.987Z,11/18/2019 01:07:09,0,100,0,2.7,13.26.01,0,48,greenpeak,gpd,0,-83,0,
8,10014,FFFFFFFF006eb692,Entry Sensor Front Door New,1574040130009,2019-11-18T01:22:10.009Z,11/18/2019 01:22:10,0,100,0,2.7,13.26.01,0,16,greenpeak,gpd,0,-88,0,
8,10014,FFFFFFFF006eb692,Entry Sensor Front Door New,1574041029837,2019-11-18T01:37:09.837Z,11/18/2019 01:37:09,0,100,0,2.7,13.26.01,0,16,greenpeak,gpd,0,-88,0,
8,10014,FFFFFFFF006eb692,Entry Sensor Front Door New,1574041929842,2019-11-18T01:52:09.842Z,11/18/2019 01:52:09,0,100,0,2.7,13.26.01,0,60,greenpeak,gpd,0,-81,0,
8,10014,FFFFFFFF006eb692,Entry Sensor Front Door New,1574043732768,2019-11-18T02:22:12.768Z,11/18/2019 02:22:12,0,100,0,2.7,13.26.01,0,24,greenpeak,gpd,0,-86,0,
8,10014,FFFFFFFF006eb692,Entry Sensor Front Door New,1574044629868,2019-11-18T02:37:09.868Z,11/18/2019 02:37:09,0,100,0,2.7,13.26.01,0,44,greenpeak,gpd,0,-83,0,
8,10014,FFFFFFFF006eb692,Entry Sensor Front Door New,1574045529811,2019-11-18T02:52:09.811Z,11/18/2019 02:52:09,0,100,0,2.7,13.26.01,0,40,greenpeak,gpd,0,-84,0,
8,10014,FFFFFFFF006eb692,Entry Sensor Front Door New,1574046156464,2019-11-18T03:02:36.464Z,11/18/2019 03:02:36,0,100,0,2.7,13.26.01,1,128,greenpeak,gpd,0,-69,0,
8,10014,FFFFFFFF006eb692,Entry Sensor Front Door New,1574046162606,2019-11-18T03:02:42.606Z,11/18/2019 03:02:42,0,100,0,2.7,13.26.01,0,72,greenpeak,gpd,0,-79,0,
8,10014,FFFFFFFF006eb692,Entry Sensor Front Door New,1574046429690,2019-11-18T03:07:09.690Z,11/18/2019 03:07:09,0,100,0,2.7,13.26.01,0,48,greenpeak,gpd,0,-83,0,
8,10014,FFFFFFFF006eb692,Entry Sensor Front Door New,1574047329769,2019-11-18T03:22:09.769Z,11/18/2019 03:22:09,0,100,0,2.7,13.26.01,0,24,greenpeak,gpd,0,-86,0,
8,10014,FFFFFFFF006eb692,Entry Sensor Front Door New,1574048229637,2019-11-18T03:37:09.637Z,11/18/2019 03:37:09,0,100,0,2.7,13.26.01,0,52,greenpeak,gpd,0,-82,0,
8,10014,FFFFFFFF006eb692,Entry Sensor Front Door New,1574049129771,2019-11-18T03:52:09.771Z,11/18/2019 03:52:09,0,100,0,2.7,13.26.01,0,64,greenpeak,gpd,0,-80,0,
8,10014,FFFFFFFF006eb692,Entry Sensor Front Door New,1574050029955,2019-11-18T04:07:09.955Z,11/18/2019 04:07:09,0,100,0,2.7,13.26.01,0,12,greenpeak,gpd,0,-88,0,
8,10014,FFFFFFFF006eb692,Entry Sensor Front Door New,1574051829672,2019-11-18T04:37:09.672Z,11/18/2019 04:37:09,0,100,0,2.7,13.26.01,0,32,greenpeak,gpd,0,-85,0,
8,10014,FFFFFFFF006eb692,Entry Sensor Front Door New,1574052729750,2019-11-18T04:52:09.750Z,11/18/2019 04:52:09,0,100,0,2.7,13.26.01,0,16,greenpeak,gpd,0,-88,0,
8,10014,FFFFFFFF006eb692,Entry Sensor Front Door New,1574053629720,2019-11-18T05:07:09.720Z,11/18/2019 05:07:09,0,100,0,2.7,13.26.01,0,44,greenpeak,gpd,0,-83,0,
8,10014,FFFFFFFF006eb692,Entry Sensor Front Door New,1574054529623,2019-11-18T05:22:09.623Z,11/18/2019 05:22:09,0,100,0,2.7,13.26.01,0,36,greenpeak,gpd,0,-84,0,
8,10014,FFFFFFFF006eb692,Entry Sensor Front Door New,1574055429620,2019-11-18T05:37:09.620Z,11/18/2019 05:37:09,0,100,0,2.7,13.26.01,0,52,greenpeak,gpd,0,-82,0,
8,10014,FFFFFFFF006eb692,Entry Sensor Front Door New,1574056329564,2019-11-18T05:52:09.564Z,11/18/2019 05:52:09,0,100,0,2.7,13.26.01,0,32,greenpeak,gpd,0,-85,0,
8,10014,FFFFFFFF006eb692,Entry Sensor Front Door New,1574057229630,2019-11-18T06:07:09.630Z,11/18/2019 06:07:09,0,100,0,2.7,13.26.01,0,64,greenpeak,gpd,0,-80,0,
8,10014,FFFFFFFF006eb692,Entry Sensor Front Door New,1574058129526,2019-11-18T06:22:09.526Z,11/18/2019 06:22:09,0,100,0,2.7,13.26.01,0,36,greenpeak,gpd,0,-84,0,
8,10014,FFFFFFFF006eb692,Entry Sensor Front Door New,1574059029565,2019-11-18T06:37:09.565Z,11/18/2019 06:37:09,0,100,0,2.7,13.26.01,0,36,greenpeak,gpd,0,-84,0,
8,10014,FFFFFFFF006eb692,Entry Sensor Front Door New,1574059909960,2019-11-18T06:51:49.960Z,11/18/2019 06:51:49,0,100,0,2.7,13.26.01,0,60,greenpeak,gpd,0,-81,0,
8,10014,FFFFFFFF006eb692,Entry Sensor Front Door New,1574059929320,2019-11-18T06:52:09.320Z,11/18/2019 06:52:09,0,100,0,2.7,13.26.01,0,32,greenpeak,gpd,0,-85,0,
8,10014,FFFFFFFF006eb692,Entry Sensor Front Door New,1574060829516,2019-11-18T07:07:09.516Z,11/18/2019 07:07:09,0,100,0,2.7,13.26.01,0,60,greenpeak,gpd,0,-81,0,
8,10014,FFFFFFFF006eb692,Entry Sensor Front Door New,1574061729420,2019-11-18T07:22:09.420Z,11/18/2019 07:22:09,0,100,0,2.7,13.26.01,0,36,greenpeak,gpd,0,-84,0,
8,10014,FFFFFFFF006eb692,Entry Sensor Front Door New,1574062629498,2019-11-18T07:37:09.498Z,11/18/2019 07:37:09,0,100,0,2.7,13.26.01,0,60,greenpeak,gpd,0,-81,0,
8,10014,FFFFFFFF006eb692,Entry Sensor Front Door New,1574063529541,2019-11-18T07:52:09.541Z,11/18/2019 07:52:09,0,100,0,2.7,13.26.01,0,60,greenpeak,gpd,0,-81,0,
8,10014,FFFFFFFF006eb692,Entry Sensor Front Door New,1574064429406,2019-11-18T08:07:09.406Z,11/18/2019 08:07:09,0,100,0,2.7,13.26.01,0,32,greenpeak,gpd,0,-85,0,
8,10014,FFFFFFFF006eb692,Entry Sensor Front Door New,1574065329351,2019-11-18T08:22:09.351Z,11/18/2019 08:22:09,0,100,0,2.7,13.26.01,0,56,greenpeak,gpd,0,-81,0,
8,10014,FFFFFFFF006eb692,Entry Sensor Front Door New,1574066229437,2019-11-18T08:37:09.437Z,11/18/2019 08:37:09,0,100,0,2.7,13.26.01,0,40,greenpeak,gpd,0,-84,0,
8,10014,FFFFFFFF006eb692,Entry Sensor Front Door New,1574067129354,2019-11-18T08:52:09.354Z,11/18/2019 08:52:09,0,100,0,2.7,13.26.01,0,40,greenpeak,gpd,0,-84,0,
8,10014,FFFFFFFF006eb692,Entry Sensor Front Door New,1574068029586,2019-11-18T09:07:09.586Z,11/18/2019 09:07:09,0,100,0,2.7,13.26.01,0,60,greenpeak,gpd,0,-81,0,
8,10014,FFFFFFFF006eb692,Entry Sensor Front Door New,1574069829367,2019-11-18T09:37:09.367Z,11/18/2019 09:37:09,0,100,0,2.7,13.26.01,0,60,greenpeak,gpd,0,-81,0,
8,10014,FFFFFFFF006eb692,Entry Sensor Front Door New,1574070729336,2019-11-18T09:52:09.336Z,11/18/2019 09:52:09,0,100,0,2.7,13.26.01,0,56,greenpeak,gpd,0,-81,0,
8,10014,FFFFFFFF006eb692,Entry Sensor Front Door New,1574071629301,2019-11-18T10:07:09.301Z,11/18/2019 10:07:09,0,100,0,2.7,13.26.01,0,60,greenpeak,gpd,0,-81,0,
8,10014,FFFFFFFF006eb692,Entry Sensor Front Door New,1574072529306,2019-11-18T10:22:09.306Z,11/18/2019 10:22:09,0,100,0,2.7,13.26.01,0,52,greenpeak,gpd,0,-82,0,
8,10014,FFFFFFFF006eb692,Entry Sensor Front Door New,1574073429382,2019-11-18T10:37:09.382Z,11/18/2019 10:37:09,0,100,0,2.7,13.26.01,0,56,greenpeak,gpd,0,-81,0,
8,10014,FFFFFFFF006eb692,Entry Sensor Front Door New,1574074329275,2019-11-18T10:52:09.275Z,11/18/2019 10:52:09,0,100,0,2.7,13.26.01,0,76,greenpeak,gpd,0,-78,0,
8,10014,FFFFFFFF006eb692,Entry Sensor Front Door New,1574075152857,2019-11-18T11:05:52.857Z,11/18/2019 11:05:52,0,100,0,2.7,13.26.01,1,76,greenpeak,gpd,0,-78,0,
8,10014,FFFFFFFF006eb692,Entry Sensor Front Door New,1574075157470,2019-11-18T11:05:57.470Z,11/18/2019 11:05:57,0,100,0,2.7,13.26.01,0,36,greenpeak,gpd,0,-84,0,
8,10014,FFFFFFFF006eb692,Entry Sensor Front Door New,1574075229087,2019-11-18T11:07:09.087Z,11/18/2019 11:07:09,0,100,0,2.7,13.26.01,0,48,greenpeak,gpd,0,-83,0,
8,10014,FFFFFFFF006eb692,Entry Sensor Front Door New,1574075573875,2019-11-18T11:12:53.875Z,11/18/2019 11:12:53,0,100,0,2.7,13.26.01,1,76,greenpeak,gpd,0,-78,0,
8,10014,FFFFFFFF006eb692,Entry Sensor Front Door New,1574075581332,2019-11-18T11:13:01.332Z,11/18/2019 11:13:01,0,100,0,2.7,13.26.01,0,92,greenpeak,gpd,0,-75,0,
8,10014,FFFFFFFF006eb692,Entry Sensor Front Door New,1574076129182,2019-11-18T11:22:09.182Z,11/18/2019 11:22:09,0,100,0,2.7,13.26.01,0,4,greenpeak,gpd,0,-90,0,
8,10014,FFFFFFFF006eb692,Entry Sensor Front Door New,1574077029177,2019-11-18T11:37:09.177Z,11/18/2019 11:37:09,0,100,0,2.7,13.26.01,0,76,greenpeak,gpd,0,-78,0,
8,10014,FFFFFFFF006eb692,Entry Sensor Front Door New,1574077929129,2019-11-18T11:52:09.129Z,11/18/2019 11:52:09,0,100,0,2.7,13.26.01,0,32,greenpeak,gpd,0,-85,0,
8,10014,FFFFFFFF006eb692,Entry Sensor Front Door New,1574078829169,2019-11-18T12:07:09.169Z,11/18/2019 12:07:09,0,100,0,2.7,13.26.01,0,36,greenpeak,gpd,0,-84,0,
8,10014,FFFFFFFF006eb692,Entry Sensor Front Door New,1574079729140,2019-11-18T12:22:09.140Z,11/18/2019 12:22:09,0,100,0,2.7,13.26.01,0,88,greenpeak,gpd,0,-76,0,
8,10014,FFFFFFFF006eb692,Entry Sensor Front Door New,1574080629070,2019-11-18T12:37:09.070Z,11/18/2019 12:37:09,0,100,0,2.7,13.26.01,0,80,greenpeak,gpd,0,-77,0,
8,10014,FFFFFFFF006eb692,Entry Sensor Front Door New,1574081509126,2019-11-18T12:51:49.126Z,11/18/2019 12:51:49,0,100,0,2.7,13.26.01,0,76,greenpeak,gpd,0,-78,0,
8,10014,FFFFFFFF006eb692,Entry Sensor Front Door New,1574081529024,2019-11-18T12:52:09.024Z,11/18/2019 12:52:09,0,100,0,2.7,13.26.01,0,92,greenpeak,gpd,0,-75,0,
8,10014,FFFFFFFF006eb692,Entry Sensor Front Door New,1574082429137,2019-11-18T13:07:09.137Z,11/18/2019 13:07:09,0,100,0,2.7,13.26.01,0,76,greenpeak,gpd,0,-78,0,
8,10014,FFFFFFFF006eb692,Entry Sensor Front Door New,1574083329101,2019-11-18T13:22:09.101Z,11/18/2019 13:22:09,0,100,0,2.7,13.26.01,0,72,greenpeak,gpd,0,-79,0,
8,10014,FFFFFFFF006eb692,Entry Sensor Front Door New,1574086929112,2019-11-18T14:22:09.112Z,11/18/2019 14:22:09,0,100,0,2.7,13.26.01,0,72,greenpeak,gpd,0,-79,0,
8,10014,FFFFFFFF006eb692,Entry Sensor Front Door New,1574087828951,2019-11-18T14:37:08.951Z,11/18/2019 14:37:08,0,100,0,2.7,13.26.01,0,96,greenpeak,gpd,0,-75,0,
8,10014,FFFFFFFF006eb692,Entry Sensor Front Door New,1574088728982,2019-11-18T14:52:08.982Z,11/18/2019 14:52:08,0,100,0,2.7,13.26.01,0,76,greenpeak,gpd,0,-78,0,
8,10014,FFFFFFFF006eb692,Entry Sensor Front Door New,1574089628961,2019-11-18T15:07:08.961Z,11/18/2019 15:07:08,0,100,0,2.7,13.26.01,0,88,greenpeak,gpd,0,-76,0,
8,10014,FFFFFFFF006eb692,Entry Sensor Front Door New,1574090528971,2019-11-18T15:22:08.971Z,11/18/2019 15:22:08,0,100,0,2.7,13.26.01,0,92,greenpeak,gpd,0,-75,0,
8,10014,FFFFFFFF006eb692,Entry Sensor Front Door New,1574091428926,2019-11-18T15:37:08.926Z,11/18/2019 15:37:08,0,100,0,2.7,13.26.01,0,88,greenpeak,gpd,0,-76,0,
8,10014,FFFFFFFF006eb692,Entry Sensor Front Door New,1574092329007,2019-11-18T15:52:09.007Z,11/18/2019 15:52:09,0,100,0,2.7,13.26.01,0,76,greenpeak,gpd,0,-78,0,
8,10014,FFFFFFFF006eb692,Entry Sensor Front Door New,1574093228906,2019-11-18T16:07:08.906Z,11/18/2019 16:07:08,0,100,0,2.7,13.26.01,0,76,greenpeak,gpd,0,-78,0,
8,10014,FFFFFFFF006eb692,Entry Sensor Front Door New,1574094129417,2019-11-18T16:22:09.417Z,11/18/2019 16:22:09,0,100,0,2.7,13.26.01,0,72,greenpeak,gpd,0,-79,0,
8,10014,FFFFFFFF006eb692,Entry Sensor Front Door New,1574095028896,2019-11-18T16:37:08.896Z,11/18/2019 16:37:08,0,100,0,2.7,13.26.01,0,88,greenpeak,gpd,0,-76,0,
8,10014,FFFFFFFF006eb692,Entry Sensor Front Door New,1574097728780,2019-11-18T17:22:08.780Z,11/18/2019 17:22:08,0,100,0,2.7,13.26.01,0,88,greenpeak,gpd,0,-76,0,
8,10014,FFFFFFFF006eb692,Entry Sensor Front Door New,1574098628791,2019-11-18T17:37:08.791Z,11/18/2019 17:37:08,0,100,0,2.7,13.26.01,0,108,greenpeak,gpd,0,-73,0,
8,10014,FFFFFFFF006eb692,Entry Sensor Front Door New,1574099528876,2019-11-18T17:52:08.876Z,11/18/2019 17:52:08,0,100,0,2.7,13.26.01,0,108,greenpeak,gpd,0,-73,0,
8,10014,FFFFFFFF006eb692,Entry Sensor Front Door New,1574100428716,2019-11-18T18:07:08.716Z,11/18/2019 18:07:08,0,100,0,2.7,13.26.01,0,104,greenpeak,gpd,0,-73,0,
8,10014,FFFFFFFF006eb692,Entry Sensor Front Door New,1574101328744,2019-11-18T18:22:08.744Z,11/18/2019 18:22:08,0,100,0,2.7,13.26.01,0,112,greenpeak,gpd,0,-72,0,
8,10014,FFFFFFFF006eb692,Entry Sensor Front Door New,1574102228817,2019-11-18T18:37:08.817Z,11/18/2019 18:37:08,0,100,0,2.7,13.26.01,0,84,greenpeak,gpd,0,-77,0,
8,10014,FFFFFFFF006eb692,Entry Sensor Front Door New,1574103108832,2019-11-18T18:51:48.832Z,11/18/2019 18:51:48,0,100,0,2.7,13.26.01,0,84,greenpeak,gpd,0,-77,0,
8,10014,FFFFFFFF006eb692,Entry Sensor Front Door New,1574103128582,2019-11-18T18:52:08.582Z,11/18/2019 18:52:08,0,100,0,2.7,13.26.01,0,108,greenpeak,gpd,0,-73,0,
8,10014,FFFFFFFF006eb692,Entry Sensor Front Door New,1574104028692,2019-11-18T19:07:08.692Z,11/18/2019 19:07:08,0,100,0,2.7,13.26.01,0,104,greenpeak,gpd,0,-73,0,
8,10014,FFFFFFFF006eb692,Entry Sensor Front Door New,1574104928756,2019-11-18T19:22:08.756Z,11/18/2019 19:22:08,0,100,0,2.7,13.26.01,0,80,greenpeak,gpd,0,-77,0,
8,10014,FFFFFFFF006eb692,Entry Sensor Front Door New,1574105828651,2019-11-18T19:37:08.651Z,11/18/2019 19:37:08,0,100,0,2.7,13.26.01,0,88,greenpeak,gpd,0,-76,0,
8,10014,FFFFFFFF006eb692,Entry Sensor Front Door New,1574107628630,2019-11-18T20:07:08.630Z,11/18/2019 20:07:08,0,100,0,2.7,13.26.01,0,88,greenpeak,gpd,0,-76,0,
8,10014,FFFFFFFF006eb692,Entry Sensor Front Door New,1574108528653,2019-11-18T20:22:08.653Z,11/18/2019 20:22:08,0,100,0,2.7,13.26.01,0,84,greenpeak,gpd,0,-77,0,
8,10014,FFFFFFFF006eb692,Entry Sensor Front Door New,1574109428735,2019-11-18T20:37:08.735Z,11/18/2019 20:37:08,0,100,0,2.7,13.26.01,0,72,greenpeak,gpd,0,-79,0,
8,10014,FFFFFFFF006eb692,Entry Sensor Front Door New,1574110328517,2019-11-18T20:52:08.517Z,11/18/2019 20:52:08,0,100,0,2.7,13.26.01,0,84,greenpeak,gpd,0,-77,0,
8,10014,FFFFFFFF006eb692,Entry Sensor Front Door New,1574111228656,2019-11-18T21:07:08.656Z,11/18/2019 21:07:08,0,100,0,2.7,13.26.01,0,72,greenpeak,gpd,0,-79,0,
8,10014,FFFFFFFF006eb692,Entry Sensor Front Door New,1574112128682,2019-11-18T21:22:08.682Z,11/18/2019 21:22:08,0,100,0,2.7,13.26.01,0,68,greenpeak,gpd,0,-79,0,
8,10014,FFFFFFFF006eb692,Entry Sensor Front Door New,1574113928483,2019-11-18T21:52:08.483Z,11/18/2019 21:52:08,0,100,0,2.7,13.26.01,0,68,greenpeak,gpd,0,-79,0,
8,10014,FFFFFFFF006eb692,Entry Sensor Front Door New,1574114828580,2019-11-18T22:07:08.580Z,11/18/2019 22:07:08,0,100,0,2.7,13.26.01,0,120,greenpeak,gpd,0,-71,0,
8,10014,FFFFFFFF006eb692,Entry Sensor Front Door New,1574115728512,2019-11-18T22:22:08.512Z,11/18/2019 22:22:08,0,100,0,2.7,13.26.01,0,64,greenpeak,gpd,0,-80,0,
8,10014,FFFFFFFF006eb692,Entry Sensor Front Door New,1574116628435,2019-11-18T22:37:08.435Z,11/18/2019 22:37:08,0,100,0,2.7,13.26.01,0,128,greenpeak,gpd,0,-69,0,
8,10014,FFFFFFFF006eb692,Entry Sensor Front Door New,1574117528471,2019-11-18T22:52:08.471Z,11/18/2019 22:52:08,0,100,0,2.7,13.26.01,0,84,greenpeak,gpd,0,-77,0,
8,10014,FFFFFFFF006eb692,Entry Sensor Front Door New,1574118428482,2019-11-18T23:07:08.482Z,11/18/2019 23:07:08,0,100,0,2.7,13.26.01,0,88,greenpeak,gpd,0,-76,0,
8,10014,FFFFFFFF006eb692,Entry Sensor Front Door New,1574119328531,2019-11-18T23:22:08.531Z,11/18/2019 23:22:08,0,100,0,2.7,13.26.01,0,68,greenpeak,gpd,0,-79,0,
8,10014,FFFFFFFF006eb692,Entry Sensor Front Door New,1574120228476,2019-11-18T23:37:08.476Z,11/18/2019 23:37:08,0,100,0,2.7,13.26.01,0,72,greenpeak,gpd,0,-79,0,
8,10014,FFFFFFFF006eb692,Entry Sensor Front Door New,1574121128360,2019-11-18T23:52:08.360Z,11/18/2019 23:52:08,0,100,0,2.7,13.26.01,0,72,greenpeak,gpd,0,-79,0,
8,10014,FFFFFFFF006eb692,Entry Sensor Front Door New,1574122028340,2019-11-19T00:07:08.340Z,11/19/2019 00:07:08,0,100,0,2.7,13.26.01,0,92,greenpeak,gpd,0,-75,0,
8,10014,FFFFFFFF006eb692,Entry Sensor Front Door New,1574122928481,2019-11-19T00:22:08.481Z,11/19/2019 00:22:08,0,100,0,2.7,13.26.01,0,16,greenpeak,gpd,0,-88,0,
8,10014,FFFFFFFF006eb692,Entry Sensor Front Door New,1574123828306,2019-11-19T00:37:08.306Z,11/19/2019 00:37:08,0,100,0,2.7,13.26.01,0,96,greenpeak,gpd,0,-75,0,
8,10014,FFFFFFFF006eb692,Entry Sensor Front Door New,1574124708252,2019-11-19T00:51:48.252Z,11/19/2019 00:51:48,0,100,0,2.7,13.26.01,0,64,greenpeak,gpd,0,-80,0,
8,10014,FFFFFFFF006eb692,Entry Sensor Front Door New,1574124728225,2019-11-19T00:52:08.225Z,11/19/2019 00:52:08,0,100,0,2.7,13.26.01,0,64,greenpeak,gpd,0,-80,0,
8,10014,FFFFFFFF006eb692,Entry Sensor Front Door New,1574125628336,2019-11-19T01:07:08.336Z,11/19/2019 01:07:08,0,100,0,2.7,13.26.01,0,60,greenpeak,gpd,0,-81,0,
8,10014,FFFFFFFF006eb692,Entry Sensor Front Door New,1574126528354,2019-11-19T01:22:08.354Z,11/19/2019 01:22:08,0,100,0,2.7,13.26.01,0,56,greenpeak,gpd,0,-81,0,
8,10014,FFFFFFFF006eb692,Entry Sensor Front Door New,1574127428376,2019-11-19T01:37:08.376Z,11/19/2019 01:37:08,0,100,0,2.7,13.26.01,0,68,greenpeak,gpd,0,-79,0,
8,10014,FFFFFFFF006eb692,Entry Sensor Front Door New,1574128328375,2019-11-19T01:52:08.375Z,11/19/2019 01:52:08,0,100,0,2.7,13.26.01,0,28,greenpeak,gpd,0,-86,0,
8,10014,FFFFFFFF006eb692,Entry Sensor Front Door New,1574129228252,2019-11-19T02:07:08.252Z,11/19/2019 02:07:08,0,100,0,2.7,13.26.01,0,76,greenpeak,gpd,0,-78,0,
8,10014,FFFFFFFF006eb692,Entry Sensor Front Door New,1574130128261,2019-11-19T02:22:08.261Z,11/19/2019 02:22:08,0,100,0,2.7,13.26.01,0,72,greenpeak,gpd,0,-79,0,
8,10014,FFFFFFFF006eb692,Entry Sensor Front Door New,1574131928648,2019-11-19T02:52:08.648Z,11/19/2019 02:52:08,0,100,0,2.7,13.26.01,0,56,greenpeak,gpd,0,-81,0,
8,10014,FFFFFFFF006eb692,Entry Sensor Front Door New,1574132828224,2019-11-19T03:07:08.224Z,11/19/2019 03:07:08,0,100,0,2.7,13.26.01,0,68,greenpeak,gpd,0,-79,0,
8,10014,FFFFFFFF006eb692,Entry Sensor Front Door New,1574133728191,2019-11-19T03:22:08.191Z,11/19/2019 03:22:08,0,100,0,2.7,13.26.01,0,72,greenpeak,gpd,0,-79,0,
8,10014,FFFFFFFF006eb692,Entry Sensor Front Door New,1574135528257,2019-11-19T03:52:08.257Z,11/19/2019 03:52:08,0,100,0,2.7,13.26.01,0,80,greenpeak,gpd,0,-77,0,
8,10014,FFFFFFFF006eb692,Entry Sensor Front Door New,1574136428041,2019-11-19T04:07:08.041Z,11/19/2019 04:07:08,0,100,0,2.7,13.26.01,0,84,greenpeak,gpd,0,-77,0,
8,10014,FFFFFFFF006eb692,Entry Sensor Front Door New,1574137328154,2019-11-19T04:22:08.154Z,11/19/2019 04:22:08,0,100,0,2.7,13.26.01,0,84,greenpeak,gpd,0,-77,0,
8,10014,FFFFFFFF006eb692,Entry Sensor Front Door New,1574138228181,2019-11-19T04:37:08.181Z,11/19/2019 04:37:08,0,100,0,2.7,13.26.01,0,88,greenpeak,gpd,0,-76,0,
8,10014,FFFFFFFF006eb692,Entry Sensor Front Door New,1574139128199,2019-11-19T04:52:08.199Z,11/19/2019 04:52:08,0,100,0,2.7,13.26.01,0,84,greenpeak,gpd,0,-77,0,
8,10014,FFFFFFFF006eb692,Entry Sensor Front Door New,1574140028120,2019-11-19T05:07:08.120Z,11/19/2019 05:07:08,0,100,0,2.7,13.26.01,0,84,greenpeak,gpd,0,-77,0,
8,10014,FFFFFFFF006eb692,Entry Sensor Front Door New,1574140928102,2019-11-19T05:22:08.102Z,11/19/2019 05:22:08,0,100,0,2.7,13.26.01,0,88,greenpeak,gpd,0,-76,0,
8,10014,FFFFFFFF006eb692,Entry Sensor Front Door New,1574142728025,2019-11-19T05:52:08.025Z,11/19/2019 05:52:08,0,100,0,2.7,13.26.01,0,84,greenpeak,gpd,0,-77,0,
8,10014,FFFFFFFF006eb692,Entry Sensor Front Door New,1574144528604,2019-11-19T06:22:08.604Z,11/19/2019 06:22:08,0,100,0,2.7,13.26.01,0,84,greenpeak,gpd,0,-77,0,
8,10014,FFFFFFFF006eb692,Entry Sensor Front Door New,1574145427928,2019-11-19T06:37:07.928Z,11/19/2019 06:37:07,0,100,0,2.7,13.26.01,0,80,greenpeak,gpd,0,-77,0,
8,10014,FFFFFFFF006eb692,Entry Sensor Front Door New,1574146327792,2019-11-19T06:52:07.792Z,11/19/2019 06:52:07,0,100,0,2.7,13.26.01,0,84,greenpeak,gpd,0,-77,0,
8,10014,FFFFFFFF006eb692,Entry Sensor Front Door New,1574147227933,2019-11-19T07:07:07.933Z,11/19/2019 07:07:07,0,100,0,2.7,13.26.01,0,88,greenpeak,gpd,0,-76,0,
8,10014,FFFFFFFF006eb692,Entry Sensor Front Door New,1574149027887,2019-11-19T07:37:07.887Z,11/19/2019 07:37:07,0,100,0,2.7,13.26.01,0,88,greenpeak,gpd,0,-76,0,
8,10014,FFFFFFFF006eb692,Entry Sensor Front Door New,1574149927891,2019-11-19T07:52:07.891Z,11/19/2019 07:52:07,0,100,0,2.7,13.26.01,0,84,greenpeak,gpd,0,-77,0,
8,10014,FFFFFFFF006eb692,Entry Sensor Front Door New,1574151730803,2019-11-19T08:22:10.803Z,11/19/2019 08:22:10,0,100,0,2.7,13.26.01,0,92,greenpeak,gpd,0,-75,0,
8,10014,FFFFFFFF006eb692,Entry Sensor Front Door New,1574152627861,2019-11-19T08:37:07.861Z,11/19/2019 08:37:07,0,100,0,2.7,13.26.01,0,84,greenpeak,gpd,0,-77,0,
8,10014,FFFFFFFF006eb692,Entry Sensor Front Door New,1574153527905,2019-11-19T08:52:07.905Z,11/19/2019 08:52:07,0,100,0,2.7,13.26.01,0,92,greenpeak,gpd,0,-75,0,
8,10014,FFFFFFFF006eb692,Entry Sensor Front Door New,1574154427884,2019-11-19T09:07:07.884Z,11/19/2019 09:07:07,0,100,0,2.7,13.26.01,0,76,greenpeak,gpd,0,-78,0,
8,10014,FFFFFFFF006eb692,Entry Sensor Front Door New,1574156227764,2019-11-19T09:37:07.764Z,11/19/2019 09:37:07,0,100,0,2.7,13.26.01,0,88,greenpeak,gpd,0,-76,0,
8,10014,FFFFFFFF006eb692,Entry Sensor Front Door New,1574157127798,2019-11-19T09:52:07.798Z,11/19/2019 09:52:07,0,100,0,2.7,13.26.01,0,84,greenpeak,gpd,0,-77,0,
8,10014,FFFFFFFF006eb692,Entry Sensor Front Door New,1574158027715,2019-11-19T10:07:07.715Z,11/19/2019 10:07:07,0,100,0,2.7,13.26.01,0,84,greenpeak,gpd,0,-77,0,
8,10014,FFFFFFFF006eb692,Entry Sensor Front Door New,1574158927769,2019-11-19T10:22:07.769Z,11/19/2019 10:22:07,0,100,0,2.7,13.26.01,0,88,greenpeak,gpd,0,-76,0,
8,10014,FFFFFFFF006eb692,Entry Sensor Front Door New,1574160727598,2019-11-19T10:52:07.598Z,11/19/2019 10:52:07,0,100,0,2.7,13.26.01,0,32,greenpeak,gpd,0,-85,0,
8,10014,FFFFFFFF006eb692,Entry Sensor Front Door New,1574161378503,2019-11-19T11:02:58.503Z,11/19/2019 11:02:58,0,100,0,2.7,13.26.01,1,96,greenpeak,gpd,0,-75,0,
8,10014,FFFFFFFF006eb692,Entry Sensor Front Door New,1574161387973,2019-11-19T11:03:07.973Z,11/19/2019 11:03:07,0,100,0,2.7,13.26.01,1,132,greenpeak,gpd,0,-69,0,
8,10014,FFFFFFFF006eb692,Entry Sensor Front Door New,1574161393751,2019-11-19T11:03:13.751Z,11/19/2019 11:03:13,0,100,0,2.7,13.26.01,0,80,greenpeak,gpd,0,-77,0,
8,10014,FFFFFFFF006eb692,Entry Sensor Front Door New,1574161627601,2019-11-19T11:07:07.601Z,11/19/2019 11:07:07,0,100,0,2.7,13.26.01,0,4,greenpeak,gpd,0,-90,0,
8,10014,FFFFFFFF006eb692,Entry Sensor Front Door New,1574161959470,2019-11-19T11:12:39.470Z,11/19/2019 11:12:39,0,100,0,2.7,13.26.01,1,144,greenpeak,gpd,0,-67,0,
8,10014,FFFFFFFF006eb692,Entry Sensor Front Door New,1574161962324,2019-11-19T11:12:42.324Z,11/19/2019 11:12:42,0,100,0,2.7,13.26.01,0,24,greenpeak,gpd,0,-86,0,
8,10014,FFFFFFFF006eb692,Entry Sensor Front Door New,1574162527588,2019-11-19T11:22:07.588Z,11/19/2019 11:22:07,0,100,0,2.7,13.26.01,0,92,greenpeak,gpd,0,-75,0,
8,10014,FFFFFFFF006eb692,Entry Sensor Front Door New,1574163427628,2019-11-19T11:37:07.628Z,11/19/2019 11:37:07,0,100,0,2.7,13.26.01,0,96,greenpeak,gpd,0,-75,0,
8,10014,FFFFFFFF006eb692,Entry Sensor Front Door New,1574165227551,2019-11-19T12:07:07.551Z,11/19/2019 12:07:07,0,100,0,2.7,13.26.01,0,56,greenpeak,gpd,0,-81,0,
8,10014,FFFFFFFF006eb692,Entry Sensor Front Door New,1574166127538,2019-11-19T12:22:07.538Z,11/19/2019 12:22:07,0,100,0,2.7,13.26.01,0,60,greenpeak,gpd,0,-81,0,
8,10014,FFFFFFFF006eb692,Entry Sensor Front Door New,1574167027573,2019-11-19T12:37:07.573Z,11/19/2019 12:37:07,0,100,0,2.7,13.26.01,0,60,greenpeak,gpd,0,-81,0,
8,10014,FFFFFFFF006eb692,Entry Sensor Front Door New,1574167907368,2019-11-19T12:51:47.368Z,11/19/2019 12:51:47,0,100,0,2.7,13.26.01,0,52,greenpeak,gpd,0,-82,0,
8,10014,FFFFFFFF006eb692,Entry Sensor Front Door New,1574167927374,2019-11-19T12:52:07.374Z,11/19/2019 12:52:07,0,100,0,2.7,13.26.01,0,52,greenpeak,gpd,0,-82,0,
8,10014,FFFFFFFF006eb692,Entry Sensor Front Door New,1574168828038,2019-11-19T13:07:08.038Z,11/19/2019 13:07:08,0,100,0,2.7,13.26.01,0,88,greenpeak,gpd,0,-76,0,
8,10014,FFFFFFFF006eb692,Entry Sensor Front Door New,1574169728160,2019-11-19T13:22:08.160Z,11/19/2019 13:22:08,0,100,0,2.7,13.26.01,0,84,greenpeak,gpd,0,-77,0,
8,10014,FFFFFFFF006eb692,Entry Sensor Front Door New,1574170627950,2019-11-19T13:37:07.950Z,11/19/2019 13:37:07,0,100,0,2.7,13.26.01,0,80,greenpeak,gpd,0,-77,0,
8,10014,FFFFFFFF006eb692,Entry Sensor Front Door New,1574171527944,2019-11-19T13:52:07.944Z,11/19/2019 13:52:07,0,100,0,2.7,13.26.01,0,84,greenpeak,gpd,0,-77,0,
8,10014,FFFFFFFF006eb692,Entry Sensor Front Door New,1574172428023,2019-11-19T14:07:08.023Z,11/19/2019 14:07:08,0,100,0,2.7,13.26.01,0,40,greenpeak,gpd,0,-84,0,
8,10014,FFFFFFFF006eb692,Entry Sensor Front Door New,1574173327422,2019-11-19T14:22:07.422Z,11/19/2019 14:22:07,0,100,0,2.7,13.26.01,0,80,greenpeak,gpd,0,-77,0,
8,10014,FFFFFFFF006eb692,Entry Sensor Front Door New,1574174227535,2019-11-19T14:37:07.535Z,11/19/2019 14:37:07,0,100,0,2.7,13.26.01,0,76,greenpeak,gpd,0,-78,0,
8,10014,FFFFFFFF006eb692,Entry Sensor Front Door New,1574175127468,2019-11-19T14:52:07.468Z,11/19/2019 14:52:07,0,100,0,2.7,13.26.01,0,84,greenpeak,gpd,0,-77,0,
8,10014,FFFFFFFF006eb692,Entry Sensor Front Door New,1574176028039,2019-11-19T15:07:08.039Z,11/19/2019 15:07:08,0,100,0,2.7,13.26.01,0,76,greenpeak,gpd,0,-78,0,
8,10014,FFFFFFFF006eb692,Entry Sensor Front Door New,1574176927476,2019-11-19T15:22:07.476Z,11/19/2019 15:22:07,0,100,0,2.7,13.26.01,0,52,greenpeak,gpd,0,-82,0,
8,10014,FFFFFFFF006eb692,Entry Sensor Front Door New,1574177827339,2019-11-19T15:37:07.339Z,11/19/2019 15:37:07,0,100,0,2.7,13.26.01,0,48,greenpeak,gpd,0,-83,0,
8,10014,FFFFFFFF006eb692,Entry Sensor Front Door New,1574178727334,2019-11-19T15:52:07.334Z,11/19/2019 15:52:07,0,100,0,2.7,13.26.01,0,56,greenpeak,gpd,0,-81,0,
8,10014,FFFFFFFF006eb692,Entry Sensor Front Door New,1574179627304,2019-11-19T16:07:07.304Z,11/19/2019 16:07:07,0,100,0,2.7,13.26.01,0,40,greenpeak,gpd,0,-84,0,
8,10014,FFFFFFFF006eb692,Entry Sensor Front Door New,1574180527261,2019-11-19T16:22:07.261Z,11/19/2019 16:22:07,0,100,0,2.7,13.26.01,0,64,greenpeak,gpd,0,-80,0,
8,10014,FFFFFFFF006eb692,Entry Sensor Front Door New,1574181427903,2019-11-19T16:37:07.903Z,11/19/2019 16:37:07,0,100,0,2.7,13.26.01,0,44,greenpeak,gpd,0,-83,0,
8,10014,FFFFFFFF006eb692,Entry Sensor Front Door New,1574182327313,2019-11-19T16:52:07.313Z,11/19/2019 16:52:07,0,100,0,2.7,13.26.01,0,88,greenpeak,gpd,0,-76,0,
8,10014,FFFFFFFF006eb692,Entry Sensor Front Door New,1574183227297,2019-11-19T17:07:07.297Z,11/19/2019 17:07:07,0,100,0,2.7,13.26.01,0,80,greenpeak,gpd,0,-77,0,
8,10014,FFFFFFFF006eb692,Entry Sensor Front Door New,1574184127255,2019-11-19T17:22:07.255Z,11/19/2019 17:22:07,0,100,0,2.7,13.26.01,0,80,greenpeak,gpd,0,-77,0,
8,10014,FFFFFFFF006eb692,Entry Sensor Front Door New,1574185027155,2019-11-19T17:37:07.155Z,11/19/2019 17:37:07,0,100,0,2.7,13.26.01,0,76,greenpeak,gpd,0,-78,0,
8,10014,FFFFFFFF006eb692,Entry Sensor Front Door New,1574185927323,2019-11-19T17:52:07.323Z,11/19/2019 17:52:07,0,100,0,2.7,13.26.01,0,88,greenpeak,gpd,0,-76,0,
8,10014,FFFFFFFF006eb692,Entry Sensor Front Door New,1574186827220,2019-11-19T18:07:07.220Z,11/19/2019 18:07:07,0,100,0,2.7,13.26.01,0,72,greenpeak,gpd,0,-79,0,
8,10014,FFFFFFFF006eb692,Entry Sensor Front Door New,1574188627169,2019-11-19T18:37:07.169Z,11/19/2019 18:37:07,0,100,0,2.7,13.26.01,0,72,greenpeak,gpd,0,-79,0,
8,10014,FFFFFFFF006eb692,Entry Sensor Front Door New,1574189506829,2019-11-19T18:51:46.829Z,11/19/2019 18:51:46,0,100,0,2.7,13.26.01,0,76,greenpeak,gpd,0,-78,0,
8,10014,FFFFFFFF006eb692,Entry Sensor Front Door New,1574189527109,2019-11-19T18:52:07.109Z,11/19/2019 18:52:07,0,100,0,2.7,13.26.01,0,72,greenpeak,gpd,0,-79,0,
8,10014,FFFFFFFF006eb692,Entry Sensor Front Door New,1574190427144,2019-11-19T19:07:07.144Z,11/19/2019 19:07:07,0,100,0,2.7,13.26.01,0,72,greenpeak,gpd,0,-79,0,
8,10014,FFFFFFFF006eb692,Entry Sensor Front Door New,1574191327243,2019-11-19T19:22:07.243Z,11/19/2019 19:22:07,0,100,0,2.7,13.26.01,0,60,greenpeak,gpd,0,-81,0,
8,10014,FFFFFFFF006eb692,Entry Sensor Front Door New,1574192227121,2019-11-19T19:37:07.121Z,11/19/2019 19:37:07,0,100,0,2.7,13.26.01,0,92,greenpeak,gpd,0,-75,0,
8,10014,FFFFFFFF006eb692,Entry Sensor Front Door New,1574193127045,2019-11-19T19:52:07.045Z,11/19/2019 19:52:07,0,100,0,2.7,13.26.01,0,76,greenpeak,gpd,0,-78,0,
8,10014,FFFFFFFF006eb692,Entry Sensor Front Door New,1574194027129,2019-11-19T20:07:07.129Z,11/19/2019 20:07:07,0,100,0,2.7,13.26.01,0,72,greenpeak,gpd,0,-79,0,
8,10014,FFFFFFFF006eb692,Entry Sensor Front Door New,1574194030050,2019-11-19T20:07:10.050Z,11/19/2019 20:07:10,0,100,0,2.7,13.26.01,0,100,greenpeak,gpd,0,-74,0,
8,10014,FFFFFFFF006eb692,Entry Sensor Front Door New,1574194927028,2019-11-19T20:22:07.028Z,11/19/2019 20:22:07,0,100,0,2.7,13.26.01,0,96,greenpeak,gpd,0,-75,0,
8,10014,FFFFFFFF006eb692,Entry Sensor Front Door New,1574195827082,2019-11-19T20:37:07.082Z,11/19/2019 20:37:07,0,100,0,2.7,13.26.01,0,96,greenpeak,gpd,0,-75,0,
8,10014,FFFFFFFF006eb692,Entry Sensor Front Door New,1574196727660,2019-11-19T20:52:07.660Z,11/19/2019 20:52:07,0,100,0,2.7,13.26.01,0,60,greenpeak,gpd,0,-81,0,
8,10014,FFFFFFFF006eb692,Entry Sensor Front Door New,1574197627625,2019-11-19T21:07:07.625Z,11/19/2019 21:07:07,0,100,0,2.7,13.26.01,0,40,greenpeak,gpd,0,-84,0,
8,10014,FFFFFFFF006eb692,Entry Sensor Front Door New,1574198526972,2019-11-19T21:22:06.972Z,11/19/2019 21:22:06,0,100,0,2.7,13.26.01,0,44,greenpeak,gpd,0,-83,0,
8,10014,FFFFFFFF006eb692,Entry Sensor Front Door New,1574199427039,2019-11-19T21:37:07.039Z,11/19/2019 21:37:07,0,100,0,2.7,13.26.01,0,56,greenpeak,gpd,0,-81,0,
8,10014,FFFFFFFF006eb692,Entry Sensor Front Door New,1574200326940,2019-11-19T21:52:06.940Z,11/19/2019 21:52:06,0,100,0,2.7,13.26.01,0,68,greenpeak,gpd,0,-79,0,
8,10014,FFFFFFFF006eb692,Entry Sensor Front Door New,1574201227057,2019-11-19T22:07:07.057Z,11/19/2019 22:07:07,0,100,0,2.7,13.26.01,0,24,greenpeak,gpd,0,-86,0,
8,10014,FFFFFFFF006eb692,Entry Sensor Front Door New,1574202126858,2019-11-19T22:22:06.858Z,11/19/2019 22:22:06,0,100,0,2.7,13.26.01,0,56,greenpeak,gpd,0,-81,0,
8,10014,FFFFFFFF006eb692,Entry Sensor Front Door New,1574203026948,2019-11-19T22:37:06.948Z,11/19/2019 22:37:06,0,100,0,2.7,13.26.01,0,44,greenpeak,gpd,0,-83,0,
8,10014,FFFFFFFF006eb692,Entry Sensor Front Door New,1574203926947,2019-11-19T22:52:06.947Z,11/19/2019 22:52:06,0,100,0,2.7,13.26.01,0,24,greenpeak,gpd,0,-86,0,
8,10014,FFFFFFFF006eb692,Entry Sensor Front Door New,1574204826857,2019-11-19T23:07:06.857Z,11/19/2019 23:07:06,0,100,0,2.7,13.26.01,0,88,greenpeak,gpd,0,-76,0,
8,10014,FFFFFFFF006eb692,Entry Sensor Front Door New,1574205726882,2019-11-19T23:22:06.882Z,11/19/2019 23:22:06,0,100,0,2.7,13.26.01,0,56,greenpeak,gpd,0,-81,0,
8,10014,FFFFFFFF006eb692,Entry Sensor Front Door New,1574206626827,2019-11-19T23:37:06.827Z,11/19/2019 23:37:06,0,100,0,2.7,13.26.01,0,68,greenpeak,gpd,0,-79,0,
8,10014,FFFFFFFF006eb692,Entry Sensor Front Door New,1574207526902,2019-11-19T23:52:06.902Z,11/19/2019 23:52:06,0,100,0,2.7,13.26.01,0,72,greenpeak,gpd,0,-79,0,
8,10014,FFFFFFFF006eb692,Entry Sensor Front Door New,1574208426833,2019-11-20T00:07:06.833Z,11/20/2019 00:07:06,0,100,0,2.7,13.26.01,0,68,greenpeak,gpd,0,-79,0,
8,10014,FFFFFFFF006eb692,Entry Sensor Front Door New,1574209326786,2019-11-20T00:22:06.786Z,11/20/2019 00:22:06,0,100,0,2.7,13.26.01,0,68,greenpeak,gpd,0,-79,0,
8,10014,FFFFFFFF006eb692,Entry Sensor Front Door New,1574210226777,2019-11-20T00:37:06.777Z,11/20/2019 00:37:06,0,100,0,2.7,13.26.01,0,60,greenpeak,gpd,0,-81,0,
8,10014,FFFFFFFF006eb692,Entry Sensor Front Door New,1574211106422,2019-11-20T00:51:46.422Z,11/20/2019 00:51:46,0,100,0,2.7,13.26.01,0,68,greenpeak,gpd,0,-79,0,
8,10014,FFFFFFFF006eb692,Entry Sensor Front Door New,1574211126661,2019-11-20T00:52:06.661Z,11/20/2019 00:52:06,0,100,0,2.7,13.26.01,0,64,greenpeak,gpd,0,-80,0,
8,10014,FFFFFFFF006eb692,Entry Sensor Front Door New,1574212026749,2019-11-20T01:07:06.749Z,11/20/2019 01:07:06,0,100,0,2.7,13.26.01,0,68,greenpeak,gpd,0,-79,0,
8,10014,FFFFFFFF006eb692,Entry Sensor Front Door New,1574212926718,2019-11-20T01:22:06.718Z,11/20/2019 01:22:06,0,100,0,2.7,13.26.01,0,76,greenpeak,gpd,0,-78,0,
8,10014,FFFFFFFF006eb692,Entry Sensor Front Door New,1574213826673,2019-11-20T01:37:06.673Z,11/20/2019 01:37:06,0,100,0,2.7,13.26.01,0,68,greenpeak,gpd,0,-79,0,
8,10014,FFFFFFFF006eb692,Entry Sensor Front Door New,1574214726663,2019-11-20T01:52:06.663Z,11/20/2019 01:52:06,0,100,0,2.7,13.26.01,0,64,greenpeak,gpd,0,-80,0,
8,10014,FFFFFFFF006eb692,Entry Sensor Front Door New,1574215626672,2019-11-20T02:07:06.672Z,11/20/2019 02:07:06,0,100,0,2.7,13.26.01,0,80,greenpeak,gpd,0,-77,0,
8,10014,FFFFFFFF006eb692,Entry Sensor Front Door New,1574216526673,2019-11-20T02:22:06.673Z,11/20/2019 02:22:06,0,100,0,2.7,13.26.01,0,64,greenpeak,gpd,0,-80,0,
8,10014,FFFFFFFF006eb692,Entry Sensor Front Door New,1574217426622,2019-11-20T02:37:06.622Z,11/20/2019 02:37:06,0,100,0,2.7,13.26.01,0,76,greenpeak,gpd,0,-78,0,
8,10014,FFFFFFFF006eb692,Entry Sensor Front Door New,1574218326699,2019-11-20T02:52:06.699Z,11/20/2019 02:52:06,0,100,0,2.7,13.26.01,0,72,greenpeak,gpd,0,-79,0,
8,10014,FFFFFFFF006eb692,Entry Sensor Front Door New,1574219226542,2019-11-20T03:07:06.542Z,11/20/2019 03:07:06,0,100,0,2.7,13.26.01,0,36,greenpeak,gpd,0,-84,0,
8,10014,FFFFFFFF006eb692,Entry Sensor Front Door New,1574220126609,2019-11-20T03:22:06.609Z,11/20/2019 03:22:06,0,100,0,2.7,13.26.01,0,56,greenpeak,gpd,0,-81,0,
8,10014,FFFFFFFF006eb692,Entry Sensor Front Door New,1574221026573,2019-11-20T03:37:06.573Z,11/20/2019 03:37:06,0,100,0,2.7,13.26.01,0,8,greenpeak,gpd,0,-89,0,
8,10014,FFFFFFFF006eb692,Entry Sensor Front Door New,1574221926563,2019-11-20T03:52:06.563Z,11/20/2019 03:52:06,0,100,0,2.7,13.26.01,0,28,greenpeak,gpd,0,-86,0,
8,10014,FFFFFFFF006eb692,Entry Sensor Front Door New,1574222826575,2019-11-20T04:07:06.575Z,11/20/2019 04:07:06,0,100,0,2.7,13.26.01,0,56,greenpeak,gpd,0,-81,0,
8,10014,FFFFFFFF006eb692,Entry Sensor Front Door New,1574223726545,2019-11-20T04:22:06.545Z,11/20/2019 04:22:06,0,100,0,2.7,13.26.01,0,52,greenpeak,gpd,0,-82,0,
8,10014,FFFFFFFF006eb692,Entry Sensor Front Door New,1574224626506,2019-11-20T04:37:06.506Z,11/20/2019 04:37:06,0,100,0,2.7,13.26.01,0,64,greenpeak,gpd,0,-80,0,
8,10014,FFFFFFFF006eb692,Entry Sensor Front Door New,1574225526416,2019-11-20T04:52:06.416Z,11/20/2019 04:52:06,0,100,0,2.7,13.26.01,0,56,greenpeak,gpd,0,-81,0,
8,10014,FFFFFFFF006eb692,Entry Sensor Front Door New,1574226426470,2019-11-20T05:07:06.470Z,11/20/2019 05:07:06,0,100,0,2.7,13.26.01,0,60,greenpeak,gpd,0,-81,0,
8,10014,FFFFFFFF006eb692,Entry Sensor Front Door New,1574227326664,2019-11-20T05:22:06.664Z,11/20/2019 05:22:06,0,100,0,2.7,13.26.01,0,8,greenpeak,gpd,0,-89,0,
8,10014,FFFFFFFF006eb692,Entry Sensor Front Door New,1574228226487,2019-11-20T05:37:06.487Z,11/20/2019 05:37:06,0,100,0,2.7,13.26.01,0,68,greenpeak,gpd,0,-79,0,
8,10014,FFFFFFFF006eb692,Entry Sensor Front Door New,1574230026499,2019-11-20T06:07:06.499Z,11/20/2019 06:07:06,0,100,0,2.7,13.26.01,0,68,greenpeak,gpd,0,-79,0,
8,10014,FFFFFFFF006eb692,Entry Sensor Front Door New,1574230926552,2019-11-20T06:22:06.552Z,11/20/2019 06:22:06,0,100,0,2.7,13.26.01,0,12,greenpeak,gpd,0,-88,0,
8,10014,FFFFFFFF006eb692,Entry Sensor Front Door New,1574231826460,2019-11-20T06:37:06.460Z,11/20/2019 06:37:06,0,100,0,2.7,13.26.01,0,20,greenpeak,gpd,0,-87,0,
8,10014,FFFFFFFF006eb692,Entry Sensor Front Door New,1574232705886,2019-11-20T06:51:45.886Z,11/20/2019 06:51:45,0,100,0,2.7,13.26.01,0,4,greenpeak,gpd,0,-90,0,
8,10014,FFFFFFFF006eb692,Entry Sensor Front Door New,1574232726203,2019-11-20T06:52:06.203Z,11/20/2019 06:52:06,0,100,0,2.7,13.26.01,0,8,greenpeak,gpd,0,-89,0,
8,10014,FFFFFFFF006eb692,Entry Sensor Front Door New,1574233626379,2019-11-20T07:07:06.379Z,11/20/2019 07:07:06,0,100,0,2.7,13.26.01,0,64,greenpeak,gpd,0,-80,0,
8,10014,FFFFFFFF006eb692,Entry Sensor Front Door New,1574234739098,2019-11-20T07:25:39.098Z,11/20/2019 07:25:39,0,100,0,2.7,13.26.01,0,32,greenpeak,gpd,0,-85,0,
8,10014,FFFFFFFF006eb692,Entry Sensor Front Door New,1574235426907,2019-11-20T07:37:06.907Z,11/20/2019 07:37:06,0,100,0,2.7,13.26.01,0,8,greenpeak,gpd,0,-89,0,
8,10014,FFFFFFFF006eb692,Entry Sensor Front Door New,1574236326941,2019-11-20T07:52:06.941Z,11/20/2019 07:52:06,0,100,0,2.7,13.26.01,0,72,greenpeak,gpd,0,-79,0,
8,10014,FFFFFFFF006eb692,Entry Sensor Front Door New,1574237226963,2019-11-20T08:07:06.963Z,11/20/2019 08:07:06,0,100,0,2.7,13.26.01,0,24,greenpeak,gpd,0,-86,0,
8,10014,FFFFFFFF006eb692,Entry Sensor Front Door New,1574238126256,2019-11-20T08:22:06.256Z,11/20/2019 08:22:06,0,100,0,2.7,13.26.01,0,64,greenpeak,gpd,0,-80,0,
8,10014,FFFFFFFF006eb692,Entry Sensor Front Door New,1574239026240,2019-11-20T08:37:06.240Z,11/20/2019 08:37:06,0,100,0,2.7,13.26.01,0,16,greenpeak,gpd,0,-88,0,
8,10014,FFFFFFFF006eb692,Entry Sensor Front Door New,1574239926161,2019-11-20T08:52:06.161Z,11/20/2019 08:52:06,0,100,0,2.7,13.26.01,0,72,greenpeak,gpd,0,-79,0,
8,10014,FFFFFFFF006eb692,Entry Sensor Front Door New,1574240826139,2019-11-20T09:07:06.139Z,11/20/2019 09:07:06,0,100,0,2.7,13.26.01,0,20,greenpeak,gpd,0,-87,0,
8,10014,FFFFFFFF006eb692,Entry Sensor Front Door New,1574241726196,2019-11-20T09:22:06.196Z,11/20/2019 09:22:06,0,100,0,2.7,13.26.01,0,68,greenpeak,gpd,0,-79,0,
8,10014,FFFFFFFF006eb692,Entry Sensor Front Door New,1574242626145,2019-11-20T09:37:06.145Z,11/20/2019 09:37:06,0,100,0,2.7,13.26.01,0,68,greenpeak,gpd,0,-79,0,
8,10014,FFFFFFFF006eb692,Entry Sensor Front Door New,1574243526173,2019-11-20T09:52:06.173Z,11/20/2019 09:52:06,0,100,0,2.7,13.26.01,0,28,greenpeak,gpd,0,-86,0,
8,10014,FFFFFFFF006eb692,Entry Sensor Front Door New,1574244426796,2019-11-20T10:07:06.796Z,11/20/2019 10:07:06,0,100,0,2.7,13.26.01,0,16,greenpeak,gpd,0,-88,0,
8,10014,FFFFFFFF006eb692,Entry Sensor Front Door New,1574245326071,2019-11-20T10:22:06.071Z,11/20/2019 10:22:06,0,100,0,2.7,13.26.01,0,16,greenpeak,gpd,0,-88,0,
8,10014,FFFFFFFF006eb692,Entry Sensor Front Door New,1574247126152,2019-11-20T10:52:06.152Z,11/20/2019 10:52:06,0,100,0,2.7,13.26.01,0,72,greenpeak,gpd,0,-79,0,
8,10014,FFFFFFFF006eb692,Entry Sensor Front Door New,1574247733693,2019-11-20T11:02:13.693Z,11/20/2019 11:02:13,0,100,0,2.7,13.26.01,1,152,greenpeak,gpd,0,-65,0,
8,10014,FFFFFFFF006eb692,Entry Sensor Front Door New,1574247770909,2019-11-20T11:02:50.909Z,11/20/2019 11:02:50,0,100,0,2.7,13.26.01,0,4,greenpeak,gpd,0,-90,0,
8,10014,FFFFFFFF006eb692,Entry Sensor Front Door New,1574248026206,2019-11-20T11:07:06.206Z,11/20/2019 11:07:06,0,100,0,2.7,13.26.01,0,68,greenpeak,gpd,0,-79,0,
8,10014,FFFFFFFF006eb692,Entry Sensor Front Door New,1574249806677,2019-11-20T11:36:46.677Z,11/20/2019 11:36:46,0,100,0,2.7,13.26.01,1,96,greenpeak,gpd,0,-75,0,
8,10014,FFFFFFFF006eb692,Entry Sensor Front Door New,1574249810129,2019-11-20T11:36:50.129Z,11/20/2019 11:36:50,0,100,0,2.7,13.26.01,0,88,greenpeak,gpd,0,-76,0,
8,10014,FFFFFFFF006eb692,Entry Sensor Front Door New,1574249825890,2019-11-20T11:37:05.890Z,11/20/2019 11:37:05,0,100,0,2.7,13.26.01,0,68,greenpeak,gpd,0,-79,0,
8,10014,FFFFFFFF006eb692,Entry Sensor Front Door New,1574250726590,2019-11-20T11:52:06.590Z,11/20/2019 11:52:06,0,100,0,2.7,13.26.01,0,52,greenpeak,gpd,0,-82,0,
8,10014,FFFFFFFF006eb692,Entry Sensor Front Door New,1574251626038,2019-11-20T12:07:06.038Z,11/20/2019 12:07:06,0,100,0,2.7,13.26.01,0,84,greenpeak,gpd,0,-77,0,
8,10014,FFFFFFFF006eb692,Entry Sensor Front Door New,1574252526068,2019-11-20T12:22:06.068Z,11/20/2019 12:22:06,0,100,0,2.7,13.26.01,0,44,greenpeak,gpd,0,-83,0,
8,10014,FFFFFFFF006eb692,Entry Sensor Front Door New,1574253426026,2019-11-20T12:37:06.026Z,11/20/2019 12:37:06,0,100,0,2.7,13.26.01,0,40,greenpeak,gpd,0,-84,0,
8,10014,FFFFFFFF006eb692,Entry Sensor Front Door New,1574254305541,2019-11-20T12:51:45.541Z,11/20/2019 12:51:45,0,100,0,2.7,13.26.01,0,36,greenpeak,gpd,0,-84,0,
8,10014,FFFFFFFF006eb692,Entry Sensor Front Door New,1574254325749,2019-11-20T12:52:05.749Z,11/20/2019 12:52:05,0,100,0,2.7,13.26.01,0,36,greenpeak,gpd,0,-84,0,
8,10014,FFFFFFFF006eb692,Entry Sensor Front Door New,1574255226016,2019-11-20T13:07:06.016Z,11/20/2019 13:07:06,0,100,0,2.7,13.26.01,0,28,greenpeak,gpd,0,-86,0,
8,10014,FFFFFFFF006eb692,Entry Sensor Front Door New,1574256125976,2019-11-20T13:22:05.976Z,11/20/2019 13:22:05,0,100,0,2.7,13.26.01,0,36,greenpeak,gpd,0,-84,0,
8,10014,FFFFFFFF006eb692,Entry Sensor Front Door New,1574257025984,2019-11-20T13:37:05.984Z,11/20/2019 13:37:05,0,100,0,2.7,13.26.01,0,36,greenpeak,gpd,0,-84,0,
8,10014,FFFFFFFF006eb692,Entry Sensor Front Door New,1574257925977,2019-11-20T13:52:05.977Z,11/20/2019 13:52:05,0,100,0,2.7,13.26.01,0,32,greenpeak,gpd,0,-85,0,
8,10014,FFFFFFFF006eb692,Entry Sensor Front Door New,1574258825801,2019-11-20T14:07:05.801Z,11/20/2019 14:07:05,0,100,0,2.7,13.26.01,0,36,greenpeak,gpd,0,-84,0,
8,10014,FFFFFFFF006eb692,Entry Sensor Front Door New,1574259725906,2019-11-20T14:22:05.906Z,11/20/2019 14:22:05,0,100,0,2.7,13.26.01,0,32,greenpeak,gpd,0,-85,0,
8,10014,FFFFFFFF006eb692,Entry Sensor Front Door New,1574260625878,2019-11-20T14:37:05.878Z,11/20/2019 14:37:05,0,100,0,2.7,13.26.01,0,20,greenpeak,gpd,0,-87,0,
8,10014,FFFFFFFF006eb692,Entry Sensor Front Door New,1574261525878,2019-11-20T14:52:05.878Z,11/20/2019 14:52:05,0,100,0,2.7,13.26.01,0,28,greenpeak,gpd,0,-86,0,
8,10014,FFFFFFFF006eb692,Entry Sensor Front Door New,1574262425862,2019-11-20T15:07:05.862Z,11/20/2019 15:07:05,0,100,0,2.7,13.26.01,0,16,greenpeak,gpd,0,-88,0,
8,10014,FFFFFFFF006eb692,Entry Sensor Front Door New,1574263325742,2019-11-20T15:22:05.742Z,11/20/2019 15:22:05,0,100,0,2.7,13.26.01,0,28,greenpeak,gpd,0,-86,0,
8,10014,FFFFFFFF006eb692,Entry Sensor Front Door New,1574264225881,2019-11-20T15:37:05.881Z,11/20/2019 15:37:05,0,100,0,2.7,13.26.01,0,28,greenpeak,gpd,0,-86,0,
8,10014,FFFFFFFF006eb692,Entry Sensor Front Door New,1574265125784,2019-11-20T15:52:05.784Z,11/20/2019 15:52:05,0,100,0,2.7,13.26.01,0,20,greenpeak,gpd,0,-87,0,
8,10014,FFFFFFFF006eb692,Entry Sensor Front Door New,1574266025733,2019-11-20T16:07:05.733Z,11/20/2019 16:07:05,0,100,0,2.7,13.26.01,0,56,greenpeak,gpd,0,-81,0,
8,10014,FFFFFFFF006eb692,Entry Sensor Front Door New,1574266925821,2019-11-20T16:22:05.821Z,11/20/2019 16:22:05,0,100,0,2.7,13.26.01,0,52,greenpeak,gpd,0,-82,0,
8,10014,FFFFFFFF006eb692,Entry Sensor Front Door New,1574267825637,2019-11-20T16:37:05.637Z,11/20/2019 16:37:05,0,100,0,2.7,13.26.01,0,44,greenpeak,gpd,0,-83,0,
8,10014,FFFFFFFF006eb692,Entry Sensor Front Door New,1574268725770,2019-11-20T16:52:05.770Z,11/20/2019 16:52:05,0,100,0,2.7,13.26.01,0,56,greenpeak,gpd,0,-81,0,
8,10014,FFFFFFFF006eb692,Entry Sensor Front Door New,1574269625677,2019-11-20T17:07:05.677Z,11/20/2019 17:07:05,0,100,0,2.7,13.26.01,0,60,greenpeak,gpd,0,-81,0,
8,10014,FFFFFFFF006eb692,Entry Sensor Front Door New,1574270525603,2019-11-20T17:22:05.603Z,11/20/2019 17:22:05,0,100,0,2.7,13.26.01,0,48,greenpeak,gpd,0,-83,0,
8,10014,FFFFFFFF006eb692,Entry Sensor Front Door New,1574271425665,2019-11-20T17:37:05.665Z,11/20/2019 17:37:05,0,100,0,2.7,13.26.01,0,56,greenpeak,gpd,0,-81,0,
8,10014,FFFFFFFF006eb692,Entry Sensor Front Door New,1574272325613,2019-11-20T17:52:05.613Z,11/20/2019 17:52:05,0,100,0,2.7,13.26.01,0,64,greenpeak,gpd,0,-80,0,
8,10014,FFFFFFFF006eb692,Entry Sensor Front Door New,1574273225670,2019-11-20T18:07:05.670Z,11/20/2019 18:07:05,0,100,0,2.7,13.26.01,0,68,greenpeak,gpd,0,-79,0,
8,10014,FFFFFFFF006eb692,Entry Sensor Front Door New,1574274125503,2019-11-20T18:22:05.503Z,11/20/2019 18:22:05,0,100,0,2.7,13.26.01,0,60,greenpeak,gpd,0,-81,0,
8,10014,FFFFFFFF006eb692,Entry Sensor Front Door New,1574275025665,2019-11-20T18:37:05.665Z,11/20/2019 18:37:05,0,100,0,2.7,13.26.01,0,64,greenpeak,gpd,0,-80,0,
8,10014,FFFFFFFF006eb692,Entry Sensor Front Door New,1574275905619,2019-11-20T18:51:45.619Z,11/20/2019 18:51:45,0,100,0,2.7,13.26.01,0,64,greenpeak,gpd,0,-80,0,
8,10014,FFFFFFFF006eb692,Entry Sensor Front Door New,1574275925519,2019-11-20T18:52:05.519Z,11/20/2019 18:52:05,0,100,0,2.7,13.26.01,0,56,greenpeak,gpd,0,-81,0,
8,10014,FFFFFFFF006eb692,Entry Sensor Front Door New,1574276825677,2019-11-20T19:07:05.677Z,11/20/2019 19:07:05,0,100,0,2.7,13.26.01,0,60,greenpeak,gpd,0,-81,0,
8,10014,FFFFFFFF006eb692,Entry Sensor Front Door New,1574277725641,2019-11-20T19:22:05.641Z,11/20/2019 19:22:05,0,100,0,2.7,13.26.01,0,96,greenpeak,gpd,0,-75,0,
8,10014,FFFFFFFF006eb692,Entry Sensor Front Door New,1574278625573,2019-11-20T19:37:05.573Z,11/20/2019 19:37:05,0,100,0,2.7,13.26.01,0,68,greenpeak,gpd,0,-79,0,
8,10014,FFFFFFFF006eb692,Entry Sensor Front Door New,1574279525579,2019-11-20T19:52:05.579Z,11/20/2019 19:52:05,0,100,0,2.7,13.26.01,0,56,greenpeak,gpd,0,-81,0,
8,10014,FFFFFFFF006eb692,Entry Sensor Front Door New,1574280425494,2019-11-20T20:07:05.494Z,11/20/2019 20:07:05,0,100,0,2.7,13.26.01,0,72,greenpeak,gpd,0,-79,0,
8,10014,FFFFFFFF006eb692,Entry Sensor Front Door New,1574281325448,2019-11-20T20:22:05.448Z,11/20/2019 20:22:05,0,100,0,2.7,13.26.01,0,72,greenpeak,gpd,0,-79,0,
8,10014,FFFFFFFF006eb692,Entry Sensor Front Door New,1574282225458,2019-11-20T20:37:05.458Z,11/20/2019 20:37:05,0,100,0,2.7,13.26.01,0,76,greenpeak,gpd,0,-78,0,
8,10014,FFFFFFFF006eb692,Entry Sensor Front Door New,1574283125557,2019-11-20T20:52:05.557Z,11/20/2019 20:52:05,0,100,0,2.7,13.26.01,0,76,greenpeak,gpd,0,-78,0,
8,10014,FFFFFFFF006eb692,Entry Sensor Front Door New,1574284025422,2019-11-20T21:07:05.422Z,11/20/2019 21:07:05,0,100,0,2.7,13.26.01,0,56,greenpeak,gpd,0,-81,0,
8,10014,FFFFFFFF006eb692,Entry Sensor Front Door New,1574284925433,2019-11-20T21:22:05.433Z,11/20/2019 21:22:05,0,100,0,2.7,13.26.01,0,36,greenpeak,gpd,0,-84,0,
8,10014,FFFFFFFF006eb692,Entry Sensor Front Door New,1574285825385,2019-11-20T21:37:05.385Z,11/20/2019 21:37:05,0,100,0,2.7,13.26.01,0,16,greenpeak,gpd,0,-88,0,
8,10014,FFFFFFFF006eb692,Entry Sensor Front Door New,1574286725332,2019-11-20T21:52:05.332Z,11/20/2019 21:52:05,0,100,0,2.7,13.26.01,0,64,greenpeak,gpd,0,-80,0,
8,10014,FFFFFFFF006eb692,Entry Sensor Front Door New,1574287625273,2019-11-20T22:07:05.273Z,11/20/2019 22:07:05,0,100,0,2.7,13.26.01,0,36,greenpeak,gpd,0,-84,0,
8,10014,FFFFFFFF006eb692,Entry Sensor Front Door New,1574288525452,2019-11-20T22:22:05.452Z,11/20/2019 22:22:05,0,100,0,2.7,13.26.01,0,44,greenpeak,gpd,0,-83,0,
8,10014,FFFFFFFF006eb692,Entry Sensor Front Door New,1574289425294,2019-11-20T22:37:05.294Z,11/20/2019 22:37:05,0,100,0,2.7,13.26.01,0,52,greenpeak,gpd,0,-82,0,
8,10014,FFFFFFFF006eb692,Entry Sensor Front Door New,1574290325385,2019-11-20T22:52:05.385Z,11/20/2019 22:52:05,0,100,0,2.7,13.26.01,0,56,greenpeak,gpd,0,-81,0,
8,10014,FFFFFFFF006eb692,Entry Sensor Front Door New,1574291225228,2019-11-20T23:07:05.228Z,11/20/2019 23:07:05,0,100,0,2.7,13.26.01,0,48,greenpeak,gpd,0,-83,0,
8,10014,FFFFFFFF006eb692,Entry Sensor Front Door New,1574292125320,2019-11-20T23:22:05.320Z,11/20/2019 23:22:05,0,100,0,2.7,13.26.01,0,88,greenpeak,gpd,0,-76,0,
8,10014,FFFFFFFF006eb692,Entry Sensor Front Door New,1574293025371,2019-11-20T23:37:05.371Z,11/20/2019 23:37:05,0,100,0,2.7,13.26.01,0,64,greenpeak,gpd,0,-80,0,
8,10014,FFFFFFFF006eb692,Entry Sensor Front Door New,1574293925256,2019-11-20T23:52:05.256Z,11/20/2019 23:52:05,0,100,0,2.7,13.26.01,0,72,greenpeak,gpd,0,-79,0,
8,10014,FFFFFFFF006eb692,Entry Sensor Front Door New,1574294825347,2019-11-21T00:07:05.347Z,11/21/2019 00:07:05,0,100,0,2.7,13.26.01,0,80,greenpeak,gpd,0,-77,0,
8,10014,FFFFFFFF006eb692,Entry Sensor Front Door New,1574295725274,2019-11-21T00:22:05.274Z,11/21/2019 00:22:05,0,100,0,2.7,13.26.01,0,116,greenpeak,gpd,0,-71,0,
8,10014,FFFFFFFF006eb692,Entry Sensor Front Door New,1574296625197,2019-11-21T00:37:05.197Z,11/21/2019 00:37:05,0,100,0,2.7,13.26.01,0,112,greenpeak,gpd,0,-72,0,
8,10014,FFFFFFFF006eb692,Entry Sensor Front Door New,1574297504526,2019-11-21T00:51:44.526Z,11/21/2019 00:51:44,0,100,0,2.7,13.26.01,0,104,greenpeak,gpd,0,-73,0,
8,10014,FFFFFFFF006eb692,Entry Sensor Front Door New,1574297525056,2019-11-21T00:52:05.056Z,11/21/2019 00:52:05,0,100,0,2.7,13.26.01,0,108,greenpeak,gpd,0,-73,0,
8,10014,FFFFFFFF006eb692,Entry Sensor Front Door New,1574298425674,2019-11-21T01:07:05.674Z,11/21/2019 01:07:05,0,100,0,2.7,13.26.01,0,104,greenpeak,gpd,0,-73,0,
8,10014,FFFFFFFF006eb692,Entry Sensor Front Door New,1574299325647,2019-11-21T01:22:05.647Z,11/21/2019 01:22:05,0,100,0,2.7,13.26.01,0,104,greenpeak,gpd,0,-73,0,
8,10014,FFFFFFFF006eb692,Entry Sensor Front Door New,1574300225128,2019-11-21T01:37:05.128Z,11/21/2019 01:37:05,0,100,0,2.7,13.26.01,0,96,greenpeak,gpd,0,-75,0,
8,10014,FFFFFFFF006eb692,Entry Sensor Front Door New,1574301125234,2019-11-21T01:52:05.234Z,11/21/2019 01:52:05,0,100,0,2.7,13.26.01,0,104,greenpeak,gpd,0,-73,0,
8,10014,FFFFFFFF006eb692,Entry Sensor Front Door New,1574302025133,2019-11-21T02:07:05.133Z,11/21/2019 02:07:05,0,100,0,2.7,13.26.01,0,96,greenpeak,gpd,0,-75,0,
8,10014,FFFFFFFF006eb692,Entry Sensor Front Door New,1574302925206,2019-11-21T02:22:05.206Z,11/21/2019 02:22:05,0,100,0,2.7,13.26.01,0,108,greenpeak,gpd,0,-73,0,
8,10014,FFFFFFFF006eb692,Entry Sensor Front Door New,1574303825101,2019-11-21T02:37:05.101Z,11/21/2019 02:37:05,0,100,0,2.7,13.26.01,0,96,greenpeak,gpd,0,-75,0,
8,10014,FFFFFFFF006eb692,Entry Sensor Front Door New,1574304724985,2019-11-21T02:52:04.985Z,11/21/2019 02:52:04,0,100,0,2.7,13.26.01,0,108,greenpeak,gpd,0,-73,0,
8,10014,FFFFFFFF006eb692,Entry Sensor Front Door New,1574305625112,2019-11-21T03:07:05.112Z,11/21/2019 03:07:05,0,100,0,2.7,13.26.01,0,80,greenpeak,gpd,0,-77,0,
8,10014,FFFFFFFF006eb692,Entry Sensor Front Door New,1574306524973,2019-11-21T03:22:04.973Z,11/21/2019 03:22:04,0,100,0,2.7,13.26.01,0,92,greenpeak,gpd,0,-75,0,
8,10014,FFFFFFFF006eb692,Entry Sensor Front Door New,1574307424984,2019-11-21T03:37:04.984Z,11/21/2019 03:37:04,0,100,0,2.7,13.26.01,0,88,greenpeak,gpd,0,-76,0,
8,10014,FFFFFFFF006eb692,Entry Sensor Front Door New,1574308324901,2019-11-21T03:52:04.901Z,11/21/2019 03:52:04,0,100,0,2.7,13.26.01,0,104,greenpeak,gpd,0,-73,0,
8,10014,FFFFFFFF006eb692,Entry Sensor Front Door New,1574309224955,2019-11-21T04:07:04.955Z,11/21/2019 04:07:04,0,100,0,2.7,13.26.01,0,108,greenpeak,gpd,0,-73,0,
8,10014,FFFFFFFF006eb692,Entry Sensor Front Door New,1574319104083,2019-11-21T06:51:44.083Z,11/21/2019 06:51:44,0,100,0,2.7,13.26.01,0,108,greenpeak,gpd,0,-73,0,
8,10014,FFFFFFFF006eb692,Entry Sensor Front Door New,1574319124666,2019-11-21T06:52:04.666Z,11/21/2019 06:52:04,0,100,0,2.7,13.26.01,0,112,greenpeak,gpd,0,-72,0,
8,10014,FFFFFFFF006eb692,Entry Sensor Front Door New,1574320024772,2019-11-21T07:07:04.772Z,11/21/2019 07:07:04,0,100,0,2.7,13.26.01,0,108,greenpeak,gpd,0,-73,0,
8,10014,FFFFFFFF006eb692,Entry Sensor Front Door New,1574320925432,2019-11-21T07:22:05.432Z,11/21/2019 07:22:05,0,100,0,2.7,13.26.01,0,108,greenpeak,gpd,0,-73,0,
8,10014,FFFFFFFF006eb692,Entry Sensor Front Door New,1574321824812,2019-11-21T07:37:04.812Z,11/21/2019 07:37:04,0,100,0,2.7,13.26.01,0,112,greenpeak,gpd,0,-72,0,
8,10014,FFFFFFFF006eb692,Entry Sensor Front Door New,1574322724736,2019-11-21T07:52:04.736Z,11/21/2019 07:52:04,0,100,0,2.7,13.26.01,0,108,greenpeak,gpd,0,-73,0,
8,10014,FFFFFFFF006eb692,Entry Sensor Front Door New,1574324525531,2019-11-21T08:22:05.531Z,11/21/2019 08:22:05,0,100,0,2.7,13.26.01,0,108,greenpeak,gpd,0,-73,0,
8,10014,FFFFFFFF006eb692,Entry Sensor Front Door New,1574325425267,2019-11-21T08:37:05.267Z,11/21/2019 08:37:05,0,100,0,2.7,13.26.01,0,112,greenpeak,gpd,0,-72,0,
8,10014,FFFFFFFF006eb692,Entry Sensor Front Door New,1574326324610,2019-11-21T08:52:04.610Z,11/21/2019 08:52:04,0,100,0,2.7,13.26.01,0,108,greenpeak,gpd,0,-73,0,
8,10014,FFFFFFFF006eb692,Entry Sensor Front Door New,1574327225301,2019-11-21T09:07:05.301Z,11/21/2019 09:07:05,0,100,0,2.7,13.26.01,0,112,greenpeak,gpd,0,-72,0,
8,10014,FFFFFFFF006eb692,Entry Sensor Front Door New,1574328124619,2019-11-21T09:22:04.619Z,11/21/2019 09:22:04,0,100,0,2.7,13.26.01,0,108,greenpeak,gpd,0,-73,0,
8,10014,FFFFFFFF006eb692,Entry Sensor Front Door New,1574329025257,2019-11-21T09:37:05.257Z,11/21/2019 09:37:05,0,100,0,2.7,13.26.01,0,108,greenpeak,gpd,0,-73,0,
8,10014,FFFFFFFF006eb692,Entry Sensor Front Door New,1574329924632,2019-11-21T09:52:04.632Z,11/21/2019 09:52:04,0,100,0,2.7,13.26.01,0,112,greenpeak,gpd,0,-72,0,
8,10014,FFFFFFFF006eb692,Entry Sensor Front Door New,1574330824646,2019-11-21T10:07:04.646Z,11/21/2019 10:07:04,0,100,0,2.7,13.26.01,0,108,greenpeak,gpd,0,-73,0,
8,10014,FFFFFFFF006eb692,Entry Sensor Front Door New,1574331724538,2019-11-21T10:22:04.538Z,11/21/2019 10:22:04,0,100,0,2.7,13.26.01,0,108,greenpeak,gpd,0,-73,0,
8,10014,FFFFFFFF006eb692,Entry Sensor Front Door New,1574332624526,2019-11-21T10:37:04.526Z,11/21/2019 10:37:04,0,100,0,2.7,13.26.01,0,104,greenpeak,gpd,0,-73,0,
8,10014,FFFFFFFF006eb692,Entry Sensor Front Door New,1574333524576,2019-11-21T10:52:04.576Z,11/21/2019 10:52:04,0,100,0,2.7,13.26.01,0,108,greenpeak,gpd,0,-73,0,
8,10014,FFFFFFFF006eb692,Entry Sensor Front Door New,1574334285141,2019-11-21T11:04:45.141Z,11/21/2019 11:04:45,0,100,0,2.7,13.26.01,1,136,greenpeak,gpd,0,-68,0,
8,10014,FFFFFFFF006eb692,Entry Sensor Front Door New,1574334292374,2019-11-21T11:04:52.374Z,11/21/2019 11:04:52,0,100,0,2.7,13.26.01,0,104,greenpeak,gpd,0,-73,0,
8,10014,FFFFFFFF006eb692,Entry Sensor Front Door New,1574334424617,2019-11-21T11:07:04.617Z,11/21/2019 11:07:04,0,100,0,2.7,13.26.01,0,116,greenpeak,gpd,0,-71,0,
8,10014,FFFFFFFF006eb692,Entry Sensor Front Door New,1574334827216,2019-11-21T11:13:47.216Z,11/21/2019 11:13:47,0,100,0,2.7,13.26.01,1,52,greenpeak,gpd,0,-82,0,
8,10014,FFFFFFFF006eb692,Entry Sensor Front Door New,1574334830285,2019-11-21T11:13:50.285Z,11/21/2019 11:13:50,0,100,0,2.7,13.26.01,0,84,greenpeak,gpd,0,-77,0,
8,10014,FFFFFFFF006eb692,Entry Sensor Front Door New,1574334892543,2019-11-21T11:14:52.543Z,11/21/2019 11:14:52,0,100,0,2.7,13.26.01,1,164,greenpeak,gpd,0,-63,0,
8,10014,FFFFFFFF006eb692,Entry Sensor Front Door New,1574334897003,2019-11-21T11:14:57.003Z,11/21/2019 11:14:57,0,100,0,2.7,13.26.01,0,112,greenpeak,gpd,0,-72,0,
8,10014,FFFFFFFF006eb692,Entry Sensor Front Door New,1574335324474,2019-11-21T11:22:04.474Z,11/21/2019 11:22:04,0,100,0,2.7,13.26.01,0,104,greenpeak,gpd,0,-73,0,
8,10014,FFFFFFFF006eb692,Entry Sensor Front Door New,1574336224477,2019-11-21T11:37:04.477Z,11/21/2019 11:37:04,0,100,0,2.7,13.26.01,0,100,greenpeak,gpd,0,-74,0,
8,10014,FFFFFFFF006eb692,Entry Sensor Front Door New,1574337124607,2019-11-21T11:52:04.607Z,11/21/2019 11:52:04,0,100,0,2.7,13.26.01,0,104,greenpeak,gpd,0,-73,0,
8,10014,FFFFFFFF006eb692,Entry Sensor Front Door New,1574338024528,2019-11-21T12:07:04.528Z,11/21/2019 12:07:04,0,100,0,2.7,13.26.01,0,112,greenpeak,gpd,0,-72,0,
8,10014,FFFFFFFF006eb692,Entry Sensor Front Door New,1574338924493,2019-11-21T12:22:04.493Z,11/21/2019 12:22:04,0,100,0,2.7,13.26.01,0,104,greenpeak,gpd,0,-73,0,
8,10014,FFFFFFFF006eb692,Entry Sensor Front Door New,1574339824440,2019-11-21T12:37:04.440Z,11/21/2019 12:37:04,0,100,0,2.7,13.26.01,0,96,greenpeak,gpd,0,-75,0,
8,10014,FFFFFFFF006eb692,Entry Sensor Front Door New,1574340703581,2019-11-21T12:51:43.581Z,11/21/2019 12:51:43,0,100,0,2.7,13.26.01,0,104,greenpeak,gpd,0,-73,0,
8,10014,FFFFFFFF006eb692,Entry Sensor Front Door New,1574340724325,2019-11-21T12:52:04.325Z,11/21/2019 12:52:04,0,100,0,2.7,13.26.01,0,100,greenpeak,gpd,0,-74,0,
8,10014,FFFFFFFF006eb692,Entry Sensor Front Door New,1574341624440,2019-11-21T13:07:04.440Z,11/21/2019 13:07:04,0,100,0,2.7,13.26.01,0,104,greenpeak,gpd,0,-73,0,
8,10014,FFFFFFFF006eb692,Entry Sensor Front Door New,1574343424400,2019-11-21T13:37:04.400Z,11/21/2019 13:37:04,0,100,0,2.7,13.26.01,0,104,greenpeak,gpd,0,-73,0,
8,10014,FFFFFFFF006eb692,Entry Sensor Front Door New,1574344324299,2019-11-21T13:52:04.299Z,11/21/2019 13:52:04,0,100,0,2.7,13.26.01,0,92,greenpeak,gpd,0,-75,0,
8,10014,FFFFFFFF006eb692,Entry Sensor Front Door New,1574345224336,2019-11-21T14:07:04.336Z,11/21/2019 14:07:04,0,100,0,2.7,13.26.01,0,92,greenpeak,gpd,0,-75,0,
8,10014,FFFFFFFF006eb692,Entry Sensor Front Door New,1574346124229,2019-11-21T14:22:04.229Z,11/21/2019 14:22:04,0,100,0,2.7,13.26.01,0,104,greenpeak,gpd,0,-73,0,
8,10014,FFFFFFFF006eb692,Entry Sensor Front Door New,1574347024394,2019-11-21T14:37:04.394Z,11/21/2019 14:37:04,0,100,0,2.7,13.26.01,0,96,greenpeak,gpd,0,-75,0,
8,10014,FFFFFFFF006eb692,Entry Sensor Front Door New,1574347924266,2019-11-21T14:52:04.266Z,11/21/2019 14:52:04,0,100,0,2.7,13.26.01,0,104,greenpeak,gpd,0,-73,0,
8,10014,FFFFFFFF006eb692,Entry Sensor Front Door New,1574348824282,2019-11-21T15:07:04.282Z,11/21/2019 15:07:04,0,100,0,2.7,13.26.01,0,96,greenpeak,gpd,0,-75,0,
8,10014,FFFFFFFF006eb692,Entry Sensor Front Door New,1574349724173,2019-11-21T15:22:04.173Z,11/21/2019 15:22:04,0,100,0,2.7,13.26.01,0,104,greenpeak,gpd,0,-73,0,
8,10014,FFFFFFFF006eb692,Entry Sensor Front Door New,1574350624185,2019-11-21T15:37:04.185Z,11/21/2019 15:37:04,0,100,0,2.7,13.26.01,0,92,greenpeak,gpd,0,-75,0,
8,10014,FFFFFFFF006eb692,Entry Sensor Front Door New,1574352424133,2019-11-21T16:07:04.133Z,11/21/2019 16:07:04,0,100,0,2.7,13.26.01,0,92,greenpeak,gpd,0,-75,0,
8,10014,FFFFFFFF006eb692,Entry Sensor Front Door New,1574353324248,2019-11-21T16:22:04.248Z,11/21/2019 16:22:04,0,100,0,2.7,13.26.01,0,96,greenpeak,gpd,0,-75,0,
8,10014,FFFFFFFF006eb692,Entry Sensor Front Door New,1574354224069,2019-11-21T16:37:04.069Z,11/21/2019 16:37:04,0,100,0,2.7,13.26.01,0,92,greenpeak,gpd,0,-75,0,
8,10014,FFFFFFFF006eb692,Entry Sensor Front Door New,1574356024149,2019-11-21T17:07:04.149Z,11/21/2019 17:07:04,0,100,0,2.7,13.26.01,0,92,greenpeak,gpd,0,-75,0,
8,10014,FFFFFFFF006eb692,Entry Sensor Front Door New,1574356924075,2019-11-21T17:22:04.075Z,11/21/2019 17:22:04,0,100,0,2.7,13.26.01,0,48,greenpeak,gpd,0,-83,0,
8,10014,FFFFFFFF006eb692,Entry Sensor Front Door New,1574357824083,2019-11-21T17:37:04.083Z,11/21/2019 17:37:04,0,100,0,2.7,13.26.01,0,20,greenpeak,gpd,0,-87,0,
8,10014,FFFFFFFF006eb692,Entry Sensor Front Door New,1574358724139,2019-11-21T17:52:04.139Z,11/21/2019 17:52:04,0,100,0,2.7,13.26.01,0,28,greenpeak,gpd,0,-86,0,
8,10014,FFFFFFFF006eb692,Entry Sensor Front Door New,1574359624106,2019-11-21T18:07:04.106Z,11/21/2019 18:07:04,0,100,0,2.7,13.26.01,0,12,greenpeak,gpd,0,-88,0,
8,10014,FFFFFFFF006eb692,Entry Sensor Front Door New,1574360524009,2019-11-21T18:22:04.009Z,11/21/2019 18:22:04,0,100,0,2.7,13.26.01,0,52,greenpeak,gpd,0,-82,0,
8,10014,FFFFFFFF006eb692,Entry Sensor Front Door New,1574361424059,2019-11-21T18:37:04.059Z,11/21/2019 18:37:04,0,100,0,2.7,13.26.01,0,8,greenpeak,gpd,0,-89,0,
8,10014,FFFFFFFF006eb692,Entry Sensor Front Door New,1574362303131,2019-11-21T18:51:43.131Z,11/21/2019 18:51:43,0,100,0,2.7,13.26.01,0,20,greenpeak,gpd,0,-87,0,
8,10014,FFFFFFFF006eb692,Entry Sensor Front Door New,1574362323805,2019-11-21T18:52:03.805Z,11/21/2019 18:52:03,0,100,0,2.7,13.26.01,0,48,greenpeak,gpd,0,-83,0,
8,10014,FFFFFFFF006eb692,Entry Sensor Front Door New,1574363223934,2019-11-21T19:07:03.934Z,11/21/2019 19:07:03,0,100,0,2.7,13.26.01,0,36,greenpeak,gpd,0,-84,0,
8,10014,FFFFFFFF006eb692,Entry Sensor Front Door New,1574364124031,2019-11-21T19:22:04.031Z,11/21/2019 19:22:04,0,100,0,2.7,13.26.01,0,52,greenpeak,gpd,0,-82,0,
8,10014,FFFFFFFF006eb692,Entry Sensor Front Door New,1574365024051,2019-11-21T19:37:04.051Z,11/21/2019 19:37:04,0,100,0,2.7,13.26.01,0,16,greenpeak,gpd,0,-88,0,
8,10014,FFFFFFFF006eb692,Entry Sensor Front Door New,1574365924056,2019-11-21T19:52:04.056Z,11/21/2019 19:52:04,0,100,0,2.7,13.26.01,0,36,greenpeak,gpd,0,-84,0,
8,10014,FFFFFFFF006eb692,Entry Sensor Front Door New,1574366823870,2019-11-21T20:07:03.870Z,11/21/2019 20:07:03,0,100,0,2.7,13.26.01,0,52,greenpeak,gpd,0,-82,0,
8,10014,FFFFFFFF006eb692,Entry Sensor Front Door New,1574367724011,2019-11-21T20:22:04.011Z,11/21/2019 20:22:04,0,100,0,2.7,13.26.01,0,40,greenpeak,gpd,0,-84,0,
8,10014,FFFFFFFF006eb692,Entry Sensor Front Door New,1574368623864,2019-11-21T20:37:03.864Z,11/21/2019 20:37:03,0,100,0,2.7,13.26.01,0,44,greenpeak,gpd,0,-83,0,
8,10014,FFFFFFFF006eb692,Entry Sensor Front Door New,1574369523897,2019-11-21T20:52:03.897Z,11/21/2019 20:52:03,0,100,0,2.7,13.26.01,0,52,greenpeak,gpd,0,-82,0,
8,10014,FFFFFFFF006eb692,Entry Sensor Front Door New,1574371323892,2019-11-21T21:22:03.892Z,11/21/2019 21:22:03,0,100,0,2.7,13.26.01,0,56,greenpeak,gpd,0,-81,0,
8,10014,FFFFFFFF006eb692,Entry Sensor Front Door New,1574372223813,2019-11-21T21:37:03.813Z,11/21/2019 21:37:03,0,100,0,2.7,13.26.01,0,88,greenpeak,gpd,0,-76,0,
8,10014,FFFFFFFF006eb692,Entry Sensor Front Door New,1574373123796,2019-11-21T21:52:03.796Z,11/21/2019 21:52:03,0,100,0,2.7,13.26.01,0,68,greenpeak,gpd,0,-79,0,
8,10014,FFFFFFFF006eb692,Entry Sensor Front Door New,1574374023817,2019-11-21T22:07:03.817Z,11/21/2019 22:07:03,0,100,0,2.7,13.26.01,0,64,greenpeak,gpd,0,-80,0,
8,10014,FFFFFFFF006eb692,Entry Sensor Front Door New,1574374923780,2019-11-21T22:22:03.780Z,11/21/2019 22:22:03,0,100,0,2.7,13.26.01,0,64,greenpeak,gpd,0,-80,0,
8,10014,FFFFFFFF006eb692,Entry Sensor Front Door New,1574375823661,2019-11-21T22:37:03.661Z,11/21/2019 22:37:03,0,100,0,2.7,13.26.01,0,76,greenpeak,gpd,0,-78,0,
8,10014,FFFFFFFF006eb692,Entry Sensor Front Door New,1574376723837,2019-11-21T22:52:03.837Z,11/21/2019 22:52:03,0,100,0,2.7,13.26.01,0,64,greenpeak,gpd,0,-80,0,
8,10014,FFFFFFFF006eb692,Entry Sensor Front Door New,1574377623791,2019-11-21T23:07:03.791Z,11/21/2019 23:07:03,0,100,0,2.7,13.26.01,0,68,greenpeak,gpd,0,-79,0,
8,10014,FFFFFFFF006eb692,Entry Sensor Front Door New,1574378523679,2019-11-21T23:22:03.679Z,11/21/2019 23:22:03,0,100,0,2.7,13.26.01,0,72,greenpeak,gpd,0,-79,0,
8,10014,FFFFFFFF006eb692,Entry Sensor Front Door New,1574379423597,2019-11-21T23:37:03.597Z,11/21/2019 23:37:03,0,100,0,2.7,13.26.01,0,60,greenpeak,gpd,0,-81,0,
8,10014,FFFFFFFF006eb692,Entry Sensor Front Door New,1574380323733,2019-11-21T23:52:03.733Z,11/21/2019 23:52:03,0,100,0,2.7,13.26.01,0,60,greenpeak,gpd,0,-81,0,
8,10014,FFFFFFFF006eb692,Entry Sensor Front Door New,1574381223689,2019-11-22T00:07:03.689Z,11/22/2019 00:07:03,0,100,0,2.7,13.26.01,0,56,greenpeak,gpd,0,-81,0,
8,10014,FFFFFFFF006eb692,Entry Sensor Front Door New,1574382123699,2019-11-22T00:22:03.699Z,11/22/2019 00:22:03,0,100,0,2.7,13.26.01,0,76,greenpeak,gpd,0,-78,0,
8,10014,FFFFFFFF006eb692,Entry Sensor Front Door New,1574383023653,2019-11-22T00:37:03.653Z,11/22/2019 00:37:03,0,100,0,2.7,13.26.01,0,80,greenpeak,gpd,0,-77,0,
8,10014,FFFFFFFF006eb692,Entry Sensor Front Door New,1574383902591,2019-11-22T00:51:42.591Z,11/22/2019 00:51:42,0,100,0,2.7,13.26.01,0,72,greenpeak,gpd,0,-79,0,
8,10014,FFFFFFFF006eb692,Entry Sensor Front Door New,1574383923591,2019-11-22T00:52:03.591Z,11/22/2019 00:52:03,0,100,0,2.7,13.26.01,0,92,greenpeak,gpd,0,-75,0,
8,10014,FFFFFFFF006eb692,Entry Sensor Front Door New,1574384823642,2019-11-22T01:07:03.642Z,11/22/2019 01:07:03,0,100,0,2.7,13.26.01,0,64,greenpeak,gpd,0,-80,0,
8,10014,FFFFFFFF006eb692,Entry Sensor Front Door New,1574385723585,2019-11-22T01:22:03.585Z,11/22/2019 01:22:03,0,100,0,2.7,13.26.01,0,104,greenpeak,gpd,0,-73,0,
8,10014,FFFFFFFF006eb692,Entry Sensor Front Door New,1574386623739,2019-11-22T01:37:03.739Z,11/22/2019 01:37:03,0,100,0,2.7,13.26.01,0,76,greenpeak,gpd,0,-78,0,
8,10014,FFFFFFFF006eb692,Entry Sensor Front Door New,1574387523442,2019-11-22T01:52:03.442Z,11/22/2019 01:52:03,0,100,0,2.7,13.26.01,0,88,greenpeak,gpd,0,-76,0,
8,10014,FFFFFFFF006eb692,Entry Sensor Front Door New,1574388423555,2019-11-22T02:07:03.555Z,11/22/2019 02:07:03,0,100,0,2.7,13.26.01,0,64,greenpeak,gpd,0,-80,0,
8,10014,FFFFFFFF006eb692,Entry Sensor Front Door New,1574389324138,2019-11-22T02:22:04.138Z,11/22/2019 02:22:04,0,100,0,2.7,13.26.01,0,60,greenpeak,gpd,0,-81,0,
8,10014,FFFFFFFF006eb692,Entry Sensor Front Door New,1574390223515,2019-11-22T02:37:03.515Z,11/22/2019 02:37:03,0,100,0,2.7,13.26.01,0,60,greenpeak,gpd,0,-81,0,
8,10014,FFFFFFFF006eb692,Entry Sensor Front Door New,1574391123490,2019-11-22T02:52:03.490Z,11/22/2019 02:52:03,0,100,0,2.7,13.26.01,0,56,greenpeak,gpd,0,-81,0,
8,10014,FFFFFFFF006eb692,Entry Sensor Front Door New,1574392023567,2019-11-22T03:07:03.567Z,11/22/2019 03:07:03,0,100,0,2.7,13.26.01,0,64,greenpeak,gpd,0,-80,0,
8,10014,FFFFFFFF006eb692,Entry Sensor Front Door New,1574392923338,2019-11-22T03:22:03.338Z,11/22/2019 03:22:03,0,100,0,2.7,13.26.01,0,88,greenpeak,gpd,0,-76,0,
8,10014,FFFFFFFF006eb692,Entry Sensor Front Door New,1574393823400,2019-11-22T03:37:03.400Z,11/22/2019 03:37:03,0,100,0,2.7,13.26.01,0,76,greenpeak,gpd,0,-78,0,
8,10014,FFFFFFFF006eb692,Entry Sensor Front Door New,1574420705493,2019-11-22T11:05:05.493Z,11/22/2019 11:05:05,0,100,0,2.7,13.26.01,1,76,greenpeak,gpd,0,-78,0,
8,10014,FFFFFFFF006eb692,Entry Sensor Front Door New,1574420713258,2019-11-22T11:05:13.258Z,11/22/2019 11:05:13,0,100,0,2.7,13.26.01,0,76,greenpeak,gpd,0,-78,0,
8,10014,FFFFFFFF006eb692,Entry Sensor Front Door New,1574421092359,2019-11-22T11:11:32.359Z,11/22/2019 11:11:32,0,100,0,2.7,13.26.01,1,76,greenpeak,gpd,0,-78,0,
8,10014,FFFFFFFF006eb692,Entry Sensor Front Door New,1574421096832,2019-11-22T11:11:36.832Z,11/22/2019 11:11:36,0,100,0,2.7,13.26.01,0,76,greenpeak,gpd,0,-78,0,
8,10014,FFFFFFFF006eb692,Entry Sensor Front Door New,1574871134559,2019-11-27T16:12:14.559Z,11/27/2019 16:12:14,0,100,0,2.7,13.26.01,1,76,greenpeak,gpd,0,-78,0,
8,10014,FFFFFFFF006eb692,Entry Sensor Front Door New,1574871221215,2019-11-27T16:13:41.215Z,11/27/2019 16:13:41,0,100,0,2.7,13.26.01,0,76,greenpeak,gpd,0,-78,0,
8,10014,FFFFFFFF006eb692,Entry Sensor Front Door New,1574897870343,2019-11-27T23:37:50.343Z,11/27/2019 23:37:50,0,100,0,2.7,13.26.01,1,76,greenpeak,gpd,0,-78,0,
8,10014,FFFFFFFF006eb692,Entry Sensor Front Door New,1574897878125,2019-11-27T23:37:58.125Z,11/27/2019 23:37:58,0,100,0,2.7,13.26.01,0,76,greenpeak,gpd,0,-78,0,
8,10014,FFFFFFFF006eb692,Entry Sensor Front Door New,1575075153779,2019-11-30T00:52:33.779Z,11/30/2019 00:52:33,0,100,0,2.7,13.26.01,1,76,greenpeak,gpd,0,-78,0,
8,10014,FFFFFFFF006eb692,Entry Sensor Front Door New,1575075263022,2019-11-30T00:54:23.022Z,11/30/2019 00:54:23,0,100,0,2.7,13.26.01,0,76,greenpeak,gpd,0,-78,0,
8,10014,FFFFFFFF006eb692,Entry Sensor Front Door New,1575075266570,2019-11-30T00:54:26.570Z,11/30/2019 00:54:26,0,100,0,2.7,13.26.01,1,76,greenpeak,gpd,0,-78,0,
8,10014,FFFFFFFF006eb692,Entry Sensor Front Door New,1575075269947,2019-11-30T00:54:29.947Z,11/30/2019 00:54:29,0,100,0,2.7,13.26.01,0,76,greenpeak,gpd,0,-78,0,
8,10014,FFFFFFFF006eb692,Entry Sensor Front Door New,1575137931834,2019-11-30T18:18:51.834Z,11/30/2019 18:18:51,0,100,0,2.7,13.26.01,1,76,greenpeak,gpd,0,-78,0,
8,10014,FFFFFFFF006eb692,Entry Sensor Front Door New,1575146546177,2019-11-30T20:42:26.177Z,11/30/2019 20:42:26,0,100,0,2.7,13.26.01,0,76,greenpeak,gpd,0,-78,0,
8,10014,FFFFFFFF006eb692,Entry Sensor Front Door New,1575146550881,2019-11-30T20:42:30.881Z,11/30/2019 20:42:30,0,100,0,2.7,13.26.01,1,76,greenpeak,gpd,0,-78,0,
8,10014,FFFFFFFF006eb692,Entry Sensor Front Door New,1575146556572,2019-11-30T20:42:36.572Z,11/30/2019 20:42:36,0,100,0,2.7,13.26.01,0,76,greenpeak,gpd,0,-78,0,
8,10014,FFFFFFFF006eb692,Entry Sensor Front Door New,1575146571010,2019-11-30T20:42:51.010Z,11/30/2019 20:42:51,0,100,0,2.7,13.26.01,1,76,greenpeak,gpd,0,-78,0,
8,10014,FFFFFFFF006eb692,Entry Sensor Front Door New,1575146573618,2019-11-30T20:42:53.618Z,11/30/2019 20:42:53,0,100,0,2.7,13.26.01,0,76,greenpeak,gpd,0,-78,0,
8,10014,FFFFFFFF006eb692,Entry Sensor Front Door New,1575148755375,2019-11-30T21:19:15.375Z,11/30/2019 21:19:15,0,100,0,2.7,13.26.01,1,76,greenpeak,gpd,0,-78,0,
8,10014,FFFFFFFF006eb692,Entry Sensor Front Door New,1575148758845,2019-11-30T21:19:18.845Z,11/30/2019 21:19:18,0,100,0,2.7,13.26.01,0,76,greenpeak,gpd,0,-78,0,
8,10014,FFFFFFFF006eb692,Entry Sensor Front Door New,1575149244536,2019-11-30T21:27:24.536Z,11/30/2019 21:27:24,0,100,0,2.7,13.26.01,1,76,greenpeak,gpd,0,-78,0,
8,10014,FFFFFFFF006eb692,Entry Sensor Front Door New,1575149262878,2019-11-30T21:27:42.878Z,11/30/2019 21:27:42,0,100,0,2.7,13.26.01,0,76,greenpeak,gpd,0,-78,0,
8,10014,FFFFFFFF006eb692,Entry Sensor Front Door New,1575161485461,2019-12-01T00:51:25.461Z,12/01/2019 00:51:25,0,100,0,2.8,13.26.01,0,76,greenpeak,gpd,0,-78,0,
8,10014,FFFFFFFF006eb692,Entry Sensor Front Door New,1575161652142,2019-12-01T00:54:12.142Z,12/01/2019 00:54:12,0,100,0,2.8,13.26.01,1,76,greenpeak,gpd,0,-78,0,
8,10014,FFFFFFFF006eb692,Entry Sensor Front Door New,1575161694602,2019-12-01T00:54:54.602Z,12/01/2019 00:54:54,0,100,0,2.8,13.26.01,0,76,greenpeak,gpd,0,-78,0,
8,10014,FFFFFFFF006eb692,Entry Sensor Front Door New,1575204684632,2019-12-01T12:51:24.632Z,12/01/2019 12:51:24,0,100,0,2.7,13.26.01,0,76,greenpeak,gpd,0,-78,0,
8,10014,FFFFFFFF006eb692,Entry Sensor Front Door New,1575209464642,2019-12-01T14:11:04.642Z,12/01/2019 14:11:04,0,100,0,2.7,13.26.01,1,76,greenpeak,gpd,0,-78,0,
8,10014,FFFFFFFF006eb692,Entry Sensor Front Door New,1575209487766,2019-12-01T14:11:27.766Z,12/01/2019 14:11:27,0,100,0,2.7,13.26.01,0,76,greenpeak,gpd,0,-78,0,
8,10014,FFFFFFFF006eb692,Entry Sensor Front Door New,1575284638949,2019-12-02T11:03:58.949Z,12/02/2019 11:03:58,0,100,0,2.7,13.26.01,1,76,greenpeak,gpd,0,-78,0,
8,10014,FFFFFFFF006eb692,Entry Sensor Front Door New,1575284644246,2019-12-02T11:04:04.246Z,12/02/2019 11:04:04,0,100,0,2.7,13.26.01,0,76,greenpeak,gpd,0,-78,0,
8,10014,FFFFFFFF006eb692,Entry Sensor Front Door New,1575285324397,2019-12-02T11:15:24.397Z,12/02/2019 11:15:24,0,100,0,2.7,13.26.01,1,76,greenpeak,gpd,0,-78,0,
8,10014,FFFFFFFF006eb692,Entry Sensor Front Door New,1575285329399,2019-12-02T11:15:29.399Z,12/02/2019 11:15:29,0,100,0,2.7,13.26.01,0,76,greenpeak,gpd,0,-78,0,
8,10014,FFFFFFFF006eb692,Entry Sensor Front Door New,1575323963982,2019-12-02T21:59:23.982Z,12/02/2019 21:59:23,0,100,0,2.7,13.26.01,1,76,greenpeak,gpd,0,-78,0,
8,10014,FFFFFFFF006eb692,Entry Sensor Front Door New,1575323971355,2019-12-02T21:59:31.355Z,12/02/2019 21:59:31,0,100,0,2.7,13.26.01,0,76,greenpeak,gpd,0,-78,0,
8,10014,FFFFFFFF006eb692,Entry Sensor Front Door New,1575371127121,2019-12-03T11:05:27.121Z,12/03/2019 11:05:27,0,100,0,2.7,13.26.01,1,76,greenpeak,gpd,0,-78,0,
8,10014,FFFFFFFF006eb692,Entry Sensor Front Door New,1575371131880,2019-12-03T11:05:31.880Z,12/03/2019 11:05:31,0,100,0,2.7,13.26.01,0,76,greenpeak,gpd,0,-78,0,
8,10014,FFFFFFFF006eb692,Entry Sensor Front Door New,1575371179234,2019-12-03T11:06:19.234Z,12/03/2019 11:06:19,0,100,0,2.7,13.26.01,1,76,greenpeak,gpd,0,-78,0,
8,10014,FFFFFFFF006eb692,Entry Sensor Front Door New,1575371182691,2019-12-03T11:06:22.691Z,12/03/2019 11:06:22,0,100,0,2.7,13.26.01,0,76,greenpeak,gpd,0,-78,0,
8,10014,FFFFFFFF006eb692,Entry Sensor Front Door New,1575371184006,2019-12-03T11:06:24.006Z,12/03/2019 11:06:24,0,100,0,2.7,13.26.01,1,76,greenpeak,gpd,0,-78,0,
8,10014,FFFFFFFF006eb692,Entry Sensor Front Door New,1575371726715,2019-12-03T11:15:26.715Z,12/03/2019 11:15:26,0,100,0,2.7,13.26.01,0,76,greenpeak,gpd,0,-78,0,
8,10014,FFFFFFFF006eb692,Entry Sensor Front Door New,1575457427361,2019-12-04T11:03:47.361Z,12/04/2019 11:03:47,0,100,0,2.7,13.26.01,1,76,greenpeak,gpd,0,-78,0,
8,10014,FFFFFFFF006eb692,Entry Sensor Front Door New,1575457433911,2019-12-04T11:03:53.911Z,12/04/2019 11:03:53,0,100,0,2.7,13.26.01,0,76,greenpeak,gpd,0,-78,0,
8,10014,FFFFFFFF006eb692,Entry Sensor Front Door New,1575457435184,2019-12-04T11:03:55.184Z,12/04/2019 11:03:55,0,100,0,2.7,13.26.01,1,76,greenpeak,gpd,0,-78,0,
8,10014,FFFFFFFF006eb692,Entry Sensor Front Door New,1575457435484,2019-12-04T11:03:55.484Z,12/04/2019 11:03:55,0,100,0,2.7,13.26.01,0,76,greenpeak,gpd,0,-78,0,
8,10014,FFFFFFFF006eb692,Entry Sensor Front Door New,1575458588435,2019-12-04T11:23:08.435Z,12/04/2019 11:23:08,0,100,0,2.7,13.26.01,1,76,greenpeak,gpd,0,-78,0,
8,10014,FFFFFFFF006eb692,Entry Sensor Front Door New,1575458592856,2019-12-04T11:23:12.856Z,12/04/2019 11:23:12,0,100,0,2.7,13.26.01,0,76,greenpeak,gpd,0,-78,0,
8,10014,FFFFFFFF006eb692,Entry Sensor Front Door New,1575543829426,2019-12-05T11:03:49.426Z,12/05/2019 11:03:49,0,100,0,2.7,13.26.01,1,76,greenpeak,gpd,0,-78,0,
8,10014,FFFFFFFF006eb692,Entry Sensor Front Door New,1575543838346,2019-12-05T11:03:58.346Z,12/05/2019 11:03:58,0,100,0,2.7,13.26.01,0,76,greenpeak,gpd,0,-78,0,
8,10014,FFFFFFFF006eb692,Entry Sensor Front Door New,1575544905264,2019-12-05T11:21:45.264Z,12/05/2019 11:21:45,0,100,0,2.7,13.26.01,1,76,greenpeak,gpd,0,-78,0,
8,10014,FFFFFFFF006eb692,Entry Sensor Front Door New,1575544908629,2019-12-05T11:21:48.629Z,12/05/2019 11:21:48,0,100,0,2.7,13.26.01,0,76,greenpeak,gpd,0,-78,0,
8,10014,FFFFFFFF006eb692,Entry Sensor Front Door New,1575630404024,2019-12-06T11:06:44.024Z,12/06/2019 11:06:44,0,100,0,2.7,13.26.01,1,76,greenpeak,gpd,0,-78,0,
8,10014,FFFFFFFF006eb692,Entry Sensor Front Door New,1575630409186,2019-12-06T11:06:49.186Z,12/06/2019 11:06:49,0,100,0,2.7,13.26.01,0,76,greenpeak,gpd,0,-78,0,
8,10014,FFFFFFFF006eb692,Entry Sensor Front Door New,1575630651183,2019-12-06T11:10:51.183Z,12/06/2019 11:10:51,0,100,0,2.7,13.26.01,1,76,greenpeak,gpd,0,-78,0,
8,10014,FFFFFFFF006eb692,Entry Sensor Front Door New,1575630655178,2019-12-06T11:10:55.178Z,12/06/2019 11:10:55,0,100,0,2.7,13.26.01,0,76,greenpeak,gpd,0,-78,0,
8,10014,FFFFFFFF006eb692,Entry Sensor Front Door New,1575749359065,2019-12-07T20:09:19.065Z,12/07/2019 20:09:19,0,100,0,2.7,13.26.01,1,76,greenpeak,gpd,0,-78,0,
8,10014,FFFFFFFF006eb692,Entry Sensor Front Door New,1575749362469,2019-12-07T20:09:22.469Z,12/07/2019 20:09:22,0,100,0,2.7,13.26.01,0,76,greenpeak,gpd,0,-78,0,
8,10014,FFFFFFFF006eb692,Entry Sensor Front Door New,1575749402448,2019-12-07T20:10:02.448Z,12/07/2019 20:10:02,0,100,0,2.7,13.26.01,1,76,greenpeak,gpd,0,-78,0,
8,10014,FFFFFFFF006eb692,Entry Sensor Front Door New,1575749407024,2019-12-07T20:10:07.024Z,12/07/2019 20:10:07,0,100,0,2.7,13.26.01,0,76,greenpeak,gpd,0,-78,0,
8,10014,FFFFFFFF006eb692,Entry Sensor Front Door New,1576062160891,2019-12-11T11:02:40.891Z,12/11/2019 11:02:40,0,100,0,2.7,13.26.01,1,76,greenpeak,gpd,0,-78,0,
8,10014,FFFFFFFF006eb692,Entry Sensor Front Door New,1576062169050,2019-12-11T11:02:49.050Z,12/11/2019 11:02:49,0,100,0,2.7,13.26.01,0,76,greenpeak,gpd,0,-78,0,
8,10014,FFFFFFFF006eb692,Entry Sensor Front Door New,1576062798509,2019-12-11T11:13:18.509Z,12/11/2019 11:13:18,0,100,0,2.7,13.26.01,1,76,greenpeak,gpd,0,-78,0,
8,10014,FFFFFFFF006eb692,Entry Sensor Front Door New,1576062802041,2019-12-11T11:13:22.041Z,12/11/2019 11:13:22,0,100,0,2.7,13.26.01,0,76,greenpeak,gpd,0,-78,0,
8,10014,FFFFFFFF006eb692,Entry Sensor Front Door New,1576148769553,2019-12-12T11:06:09.553Z,12/12/2019 11:06:09,0,100,0,2.7,13.26.01,1,76,greenpeak,gpd,0,-78,0,
8,10014,FFFFFFFF006eb692,Entry Sensor Front Door New,1576148811422,2019-12-12T11:06:51.422Z,12/12/2019 11:06:51,0,100,0,2.7,13.26.01,0,76,greenpeak,gpd,0,-78,0,
8,10014,FFFFFFFF006eb692,Entry Sensor Front Door New,1576149171078,2019-12-12T11:12:51.078Z,12/12/2019 11:12:51,0,100,0,2.7,13.26.01,1,76,greenpeak,gpd,0,-78,0,
8,10014,FFFFFFFF006eb692,Entry Sensor Front Door New,1576149174633,2019-12-12T11:12:54.633Z,12/12/2019 11:12:54,0,100,0,2.7,13.26.01,0,76,greenpeak,gpd,0,-78,0,
8,10014,FFFFFFFF006eb692,Entry Sensor Front Door New,1576335527116,2019-12-14T14:58:47.116Z,12/14/2019 14:58:47,0,100,0,2.7,13.26.01,1,76,greenpeak,gpd,0,-78,0,
8,10014,FFFFFFFF006eb692,Entry Sensor Front Door New,1576335527799,2019-12-14T14:58:47.799Z,12/14/2019 14:58:47,0,100,0,2.7,13.26.01,0,76,greenpeak,gpd,0,-78,0,
8,10014,FFFFFFFF006eb692,Entry Sensor Front Door New,1576335528560,2019-12-14T14:58:48.560Z,12/14/2019 14:58:48,0,100,0,2.7,13.26.01,1,76,greenpeak,gpd,0,-78,0,
8,10014,FFFFFFFF006eb692,Entry Sensor Front Door New,1576335547314,2019-12-14T14:59:07.314Z,12/14/2019 14:59:07,0,100,0,2.7,13.26.01,0,76,greenpeak,gpd,0,-78,0,
8,10014,FFFFFFFF006eb692,Entry Sensor Front Door New,1576348218968,2019-12-14T18:30:18.968Z,12/14/2019 18:30:18,0,100,0,2.7,13.26.01,1,76,greenpeak,gpd,0,-78,0,
8,10014,FFFFFFFF006eb692,Entry Sensor Front Door New,1576348220527,2019-12-14T18:30:20.527Z,12/14/2019 18:30:20,0,100,0,2.7,13.26.01,0,76,greenpeak,gpd,0,-78,0,
8,10014,FFFFFFFF006eb692,Entry Sensor Front Door New,1576348221659,2019-12-14T18:30:21.659Z,12/14/2019 18:30:21,0,100,0,2.7,13.26.01,1,76,greenpeak,gpd,0,-78,0,
8,10014,FFFFFFFF006eb692,Entry Sensor Front Door New,1576348239943,2019-12-14T18:30:39.943Z,12/14/2019 18:30:39,0,100,0,2.7,13.26.01,0,76,greenpeak,gpd,0,-78,0,
8,10014,FFFFFFFF006eb692,Entry Sensor Front Door New,1576348241724,2019-12-14T18:30:41.724Z,12/14/2019 18:30:41,0,100,0,2.7,13.26.01,1,76,greenpeak,gpd,0,-78,0,
8,10014,FFFFFFFF006eb692,Entry Sensor Front Door New,1576348242420,2019-12-14T18:30:42.420Z,12/14/2019 18:30:42,0,100,0,2.7,13.26.01,0,76,greenpeak,gpd,0,-78,0,
8,10014,FFFFFFFF006eb692,Entry Sensor Front Door New,1576355237686,2019-12-14T20:27:17.686Z,12/14/2019 20:27:17,0,100,0,2.7,13.26.01,1,76,greenpeak,gpd,0,-78,0,
8,10014,FFFFFFFF006eb692,Entry Sensor Front Door New,1576355271626,2019-12-14T20:27:51.626Z,12/14/2019 20:27:51,0,100,0,2.7,13.26.01,0,76,greenpeak,gpd,0,-78,0,
8,10014,FFFFFFFF006eb692,Entry Sensor Front Door New,1576355396352,2019-12-14T20:29:56.352Z,12/14/2019 20:29:56,0,100,0,2.7,13.26.01,1,76,greenpeak,gpd,0,-78,0,
8,10014,FFFFFFFF006eb692,Entry Sensor Front Door New,1576355397020,2019-12-14T20:29:57.020Z,12/14/2019 20:29:57,0,100,0,2.7,13.26.01,0,76,greenpeak,gpd,0,-78,0,
8,10014,FFFFFFFF006eb692,Entry Sensor Front Door New,1576361352497,2019-12-14T22:09:12.497Z,12/14/2019 22:09:12,0,100,0,2.7,13.26.01,1,76,greenpeak,gpd,0,-78,0,
8,10014,FFFFFFFF006eb692,Entry Sensor Front Door New,1576361357789,2019-12-14T22:09:17.789Z,12/14/2019 22:09:17,0,100,0,2.7,13.26.01,0,76,greenpeak,gpd,0,-78,0,
8,10014,FFFFFFFF006eb692,Entry Sensor Front Door New,1576361653374,2019-12-14T22:14:13.374Z,12/14/2019 22:14:13,0,100,0,2.7,13.26.01,1,76,greenpeak,gpd,0,-78,0,
8,10014,FFFFFFFF006eb692,Entry Sensor Front Door New,1576361666043,2019-12-14T22:14:26.043Z,12/14/2019 22:14:26,0,100,0,2.7,13.26.01,0,76,greenpeak,gpd,0,-78,0,
8,10014,FFFFFFFF006eb692,Entry Sensor Front Door New,1576363174888,2019-12-14T22:39:34.888Z,12/14/2019 22:39:34,0,100,0,2.7,13.26.01,1,76,greenpeak,gpd,0,-78,0,
8,10014,FFFFFFFF006eb692,Entry Sensor Front Door New,1576363566173,2019-12-14T22:46:06.173Z,12/14/2019 22:46:06,0,100,0,2.7,13.26.01,0,76,greenpeak,gpd,0,-78,0,
8,10014,FFFFFFFF006eb692,Entry Sensor Front Door New,1576376948251,2019-12-15T02:29:08.251Z,12/15/2019 02:29:08,0,100,0,2.7,13.26.01,1,76,greenpeak,gpd,0,-78,0,
8,10014,FFFFFFFF006eb692,Entry Sensor Front Door New,1576376957486,2019-12-15T02:29:17.486Z,12/15/2019 02:29:17,0,100,0,2.7,13.26.01,0,76,greenpeak,gpd,0,-78,0,
8,10014,FFFFFFFF006eb692,Entry Sensor Front Door New,1576377789171,2019-12-15T02:43:09.171Z,12/15/2019 02:43:09,0,100,0,2.7,13.26.01,1,76,greenpeak,gpd,0,-78,0,
8,10014,FFFFFFFF006eb692,Entry Sensor Front Door New,1576377799710,2019-12-15T02:43:19.710Z,12/15/2019 02:43:19,0,100,0,2.7,13.26.01,0,76,greenpeak,gpd,0,-78,0,
8,10014,FFFFFFFF006eb692,Entry Sensor Front Door New,1576457457091,2019-12-16T00:50:57.091Z,12/16/2019 00:50:57,0,100,0,2.8,13.26.01,0,76,greenpeak,gpd,0,-78,0,
8,10014,FFFFFFFF006eb692,Entry Sensor Front Door New,1576479056644,2019-12-16T06:50:56.644Z,12/16/2019 06:50:56,0,100,0,2.7,13.26.01,0,76,greenpeak,gpd,0,-78,0,
8,10014,FFFFFFFF006eb692,Entry Sensor Front Door New,1576494272829,2019-12-16T11:04:32.829Z,12/16/2019 11:04:32,0,100,0,2.7,13.26.01,1,76,greenpeak,gpd,0,-78,0,
8,10014,FFFFFFFF006eb692,Entry Sensor Front Door New,1576494284279,2019-12-16T11:04:44.279Z,12/16/2019 11:04:44,0,100,0,2.7,13.26.01,0,76,greenpeak,gpd,0,-78,0,
8,10014,FFFFFFFF006eb692,Entry Sensor Front Door New,1576494786812,2019-12-16T11:13:06.812Z,12/16/2019 11:13:06,0,100,0,2.7,13.26.01,1,76,greenpeak,gpd,0,-78,0,
8,10014,FFFFFFFF006eb692,Entry Sensor Front Door New,1576494790578,2019-12-16T11:13:10.578Z,12/16/2019 11:13:10,0,100,0,2.7,13.26.01,0,76,greenpeak,gpd,0,-78,0,
8,10014,FFFFFFFF006eb692,Entry Sensor Front Door New,1576531377703,2019-12-16T21:22:57.703Z,12/16/2019 21:22:57,0,100,0,2.7,13.26.01,1,76,greenpeak,gpd,0,-78,0,
8,10014,FFFFFFFF006eb692,Entry Sensor Front Door New,1576531391294,2019-12-16T21:23:11.294Z,12/16/2019 21:23:11,0,100,0,2.7,13.26.01,0,76,greenpeak,gpd,0,-78,0,
8,10014,FFFFFFFF006eb692,Entry Sensor Front Door New,1576540533874,2019-12-16T23:55:33.874Z,12/16/2019 23:55:33,0,100,0,2.7,13.26.01,1,76,greenpeak,gpd,0,-78,0,
8,10014,FFFFFFFF006eb692,Entry Sensor Front Door New,1576540537488,2019-12-16T23:55:37.488Z,12/16/2019 23:55:37,0,100,0,2.7,13.26.01,0,76,greenpeak,gpd,0,-78,0,
8,10014,FFFFFFFF006eb692,Entry Sensor Front Door New,1576580708507,2019-12-17T11:05:08.507Z,12/17/2019 11:05:08,0,100,0,2.7,13.26.01,1,76,greenpeak,gpd,0,-78,0,
8,10014,FFFFFFFF006eb692,Entry Sensor Front Door New,1576580740386,2019-12-17T11:05:40.386Z,12/17/2019 11:05:40,0,100,0,2.7,13.26.01,0,76,greenpeak,gpd,0,-78,0,
8,10014,FFFFFFFF006eb692,Entry Sensor Front Door New,1576581173856,2019-12-17T11:12:53.856Z,12/17/2019 11:12:53,0,100,0,2.7,13.26.01,1,76,greenpeak,gpd,0,-78,0,
8,10014,FFFFFFFF006eb692,Entry Sensor Front Door New,1576581178301,2019-12-17T11:12:58.301Z,12/17/2019 11:12:58,0,100,0,2.7,13.26.01,0,76,greenpeak,gpd,0,-78,0,
8,10014,FFFFFFFF006eb692,Entry Sensor Front Door New,1576666867237,2019-12-18T11:01:07.237Z,12/18/2019 11:01:07,0,100,0,2.7,13.26.01,1,76,greenpeak,gpd,0,-78,0,
8,10014,FFFFFFFF006eb692,Entry Sensor Front Door New,1576666874549,2019-12-18T11:01:14.549Z,12/18/2019 11:01:14,0,100,0,2.7,13.26.01,0,76,greenpeak,gpd,0,-78,0,
8,10014,FFFFFFFF006eb692,Entry Sensor Front Door New,1576667660966,2019-12-18T11:14:20.966Z,12/18/2019 11:14:20,0,100,0,2.7,13.26.01,1,76,greenpeak,gpd,0,-78,0,
8,10014,FFFFFFFF006eb692,Entry Sensor Front Door New,1576667665050,2019-12-18T11:14:25.050Z,12/18/2019 11:14:25,0,100,0,2.7,13.26.01,0,76,greenpeak,gpd,0,-78,0,
8,10014,FFFFFFFF006eb692,Entry Sensor Front Door New,1576753444025,2019-12-19T11:04:04.025Z,12/19/2019 11:04:04,0,100,0,2.7,13.26.01,1,76,greenpeak,gpd,0,-78,0,
8,10014,FFFFFFFF006eb692,Entry Sensor Front Door New,1576753460564,2019-12-19T11:04:20.564Z,12/19/2019 11:04:20,0,100,0,2.7,13.26.01,0,76,greenpeak,gpd,0,-78,0,
8,10014,FFFFFFFF006eb692,Entry Sensor Front Door New,1576754086493,2019-12-19T11:14:46.493Z,12/19/2019 11:14:46,0,100,0,2.7,13.26.01,1,76,greenpeak,gpd,0,-78,0,
8,10014,FFFFFFFF006eb692,Entry Sensor Front Door New,1576754089876,2019-12-19T11:14:49.876Z,12/19/2019 11:14:49,0,100,0,2.7,13.26.01,0,76,greenpeak,gpd,0,-78,0,
8,10014,FFFFFFFF006eb692,Entry Sensor Front Door New,1576839807942,2019-12-20T11:03:27.942Z,12/20/2019 11:03:27,0,100,0,2.7,13.26.01,1,76,greenpeak,gpd,0,-78,0,
8,10014,FFFFFFFF006eb692,Entry Sensor Front Door New,1576839817717,2019-12-20T11:03:37.717Z,12/20/2019 11:03:37,0,100,0,2.7,13.26.01,0,76,greenpeak,gpd,0,-78,0,
8,10014,FFFFFFFF006eb692,Entry Sensor Front Door New,1576841730889,2019-12-20T11:35:30.889Z,12/20/2019 11:35:30,0,100,0,2.7,13.26.01,1,76,greenpeak,gpd,0,-78,0,
8,10014,FFFFFFFF006eb692,Entry Sensor Front Door New,1576841734210,2019-12-20T11:35:34.210Z,12/20/2019 11:35:34,0,100,0,2.7,13.26.01,0,76,greenpeak,gpd,0,-78,0,
8,10014,FFFFFFFF006eb692,Entry Sensor Front Door New,1576878936512,2019-12-20T21:55:36.512Z,12/20/2019 21:55:36,0,100,0,2.7,13.26.01,1,76,greenpeak,gpd,0,-78,0,
8,10014,FFFFFFFF006eb692,Entry Sensor Front Door New,1576878947959,2019-12-20T21:55:47.959Z,12/20/2019 21:55:47,0,100,0,2.7,13.26.01,0,76,greenpeak,gpd,0,-78,0,
8,10014,FFFFFFFF006eb692,Entry Sensor Front Door New,1576960483151,2019-12-21T20:34:43.151Z,12/21/2019 20:34:43,0,100,0,2.7,13.26.01,1,76,greenpeak,gpd,0,-78,0,
8,10014,FFFFFFFF006eb692,Entry Sensor Front Door New,1576960484386,2019-12-21T20:34:44.386Z,12/21/2019 20:34:44,0,100,0,2.7,13.26.01,0,76,greenpeak,gpd,0,-78,0,
8,10014,FFFFFFFF006eb692,Entry Sensor Front Door New,1577046444857,2019-12-22T20:27:24.857Z,12/22/2019 20:27:24,0,100,0,2.7,13.26.01,1,76,greenpeak,gpd,0,-78,0,
8,10014,FFFFFFFF006eb692,Entry Sensor Front Door New,1577046453328,2019-12-22T20:27:33.328Z,12/22/2019 20:27:33,0,100,0,2.7,13.26.01,0,76,greenpeak,gpd,0,-78,0,
8,10014,FFFFFFFF006eb692,Entry Sensor Front Door New,1578254702278,2020-01-05T20:05:02.278Z,01/05/2020 20:05:02,0,100,0,2.7,13.26.01,1,76,greenpeak,gpd,0,-78,0,
8,10014,FFFFFFFF006eb692,Entry Sensor Front Door New,1578259438602,2020-01-05T21:23:58.602Z,01/05/2020 21:23:58,0,100,0,2.7,13.26.01,0,76,greenpeak,gpd,0,-78,0,
8,10014,FFFFFFFF006eb692,Entry Sensor Front Door New,1578272110486,2020-01-06T00:55:10.486Z,01/06/2020 00:55:10,0,100,0,2.7,13.26.01,1,76,greenpeak,gpd,0,-78,0,
8,10014,FFFFFFFF006eb692,Entry Sensor Front Door New,1578272134544,2020-01-06T00:55:34.544Z,01/06/2020 00:55:34,0,100,0,2.7,13.26.01,0,76,greenpeak,gpd,0,-78,0,
8,10014,FFFFFFFF006eb692,Entry Sensor Front Door New,1578273066488,2020-01-06T01:11:06.488Z,01/06/2020 01:11:06,0,100,0,2.7,13.26.01,1,76,greenpeak,gpd,0,-78,0,
8,10014,FFFFFFFF006eb692,Entry Sensor Front Door New,1578273077473,2020-01-06T01:11:17.473Z,01/06/2020 01:11:17,0,100,0,2.7,13.26.01,0,76,greenpeak,gpd,0,-78,0,
8,10014,FFFFFFFF006eb692,Entry Sensor Front Door New,1578339827640,2020-01-06T19:43:47.640Z,01/06/2020 19:43:47,0,100,0,2.7,13.26.01,1,76,greenpeak,gpd,0,-78,0,
8,10014,FFFFFFFF006eb692,Entry Sensor Front Door New,1578339836092,2020-01-06T19:43:56.092Z,01/06/2020 19:43:56,0,100,0,2.7,13.26.01,0,76,greenpeak,gpd,0,-78,0,
8,10014,FFFFFFFF006eb692,Entry Sensor Front Door New,1578790206724,2020-01-12T00:50:06.724Z,01/12/2020 00:50:06,0,100,0,2.8,13.26.01,0,76,greenpeak,gpd,0,-78,0,
8,10014,FFFFFFFF006eb692,Entry Sensor Front Door New,1578833406327,2020-01-12T12:50:06.327Z,01/12/2020 12:50:06,0,100,0,2.7,13.26.01,0,76,greenpeak,gpd,0,-78,0,
8,10014,FFFFFFFF006eb692,Entry Sensor Front Door New,1578855005281,2020-01-12T18:50:05.281Z,01/12/2020 18:50:05,0,100,0,2.8,13.26.01,0,76,greenpeak,gpd,0,-78,0,
8,10014,FFFFFFFF006eb692,Entry Sensor Front Door New,1578898204317,2020-01-13T06:50:04.317Z,01/13/2020 06:50:04,0,100,0,2.7,13.26.01,0,76,greenpeak,gpd,0,-78,0,
8,10014,FFFFFFFF006eb692,Entry Sensor Front Door New,1578919803850,2020-01-13T12:50:03.850Z,01/13/2020 12:50:03,0,100,0,2.8,13.26.01,0,76,greenpeak,gpd,0,-78,0,
8,10014,FFFFFFFF006eb692,Entry Sensor Front Door New,1578941403366,2020-01-13T18:50:03.366Z,01/13/2020 18:50:03,0,100,0,2.7,13.26.01,0,76,greenpeak,gpd,0,-78,0,
8,10014,FFFFFFFF006eb692,Entry Sensor Front Door New,1578984602368,2020-01-14T06:50:02.368Z,01/14/2020 06:50:02,0,100,0,2.8,13.26.01,0,76,greenpeak,gpd,0,-78,0,
8,10014,FFFFFFFF006eb692,Entry Sensor Front Door New,1579027801526,2020-01-14T18:50:01.526Z,01/14/2020 18:50:01,0,100,0,2.7,13.26.01,0,76,greenpeak,gpd,0,-78,0,
8,10014,FFFFFFFF006eb692,Entry Sensor Front Door New,1579049401031,2020-01-15T00:50:01.031Z,01/15/2020 00:50:01,0,100,0,2.8,13.26.01,0,76,greenpeak,gpd,0,-78,0,
8,10014,FFFFFFFF006eb692,Entry Sensor Front Door New,1579071000495,2020-01-15T06:50:00.495Z,01/15/2020 06:50:00,0,100,0,2.7,13.26.01,0,76,greenpeak,gpd,0,-78,0,
8,10014,FFFFFFFF006eb692,Entry Sensor Front Door New,1579135799085,2020-01-16T00:49:59.085Z,01/16/2020 00:49:59,0,100,0,2.8,13.26.01,0,76,greenpeak,gpd,0,-78,0,
8,10014,FFFFFFFF006eb692,Entry Sensor Front Door New,1579178998073,2020-01-16T12:49:58.073Z,01/16/2020 12:49:58,0,100,0,2.7,13.26.01,0,76,greenpeak,gpd,0,-78,0,
