trigger,device_type,device_id,description,timestamp_ms,timestamp_iso,timestamp_excel,batteryDefect,batteryLevel,batteryLevelOrig,batteryLow,batteryVoltage,deviceVersion,lqi,manufacturer,model,ppc.charging,rssi,tamper,waterFrozen,waterLeak,
8,10017,FFFFFFFF00604f2a,Kids bath Water Sensor,1574035200000,2019-11-18T00:00:00Z,11/18/2019 00:00:00,0,100,80,0,2.9,2C.01.14,192,greenpeak,gpd,0,-59,1,0,0,
8,10017,FFFFFFFF00604f2a,Kids bath Water Sensor,1574035668669,2019-11-18T00:07:48.669Z,11/18/2019 00:07:48,0,100,80,0,2.9,2C.01.14,184,greenpeak,gpd,0,-60,1,0,0,
8,10017,FFFFFFFF00604f2a,Kids bath Water Sensor,1574036568639,2019-11-18T00:22:48.639Z,11/18/2019 00:22:48,0,100,80,0,2.9,2C.01.14,196,greenpeak,gpd,0,-58,1,0,0,
8,10017,FFFFFFFF00604f2a,Kids bath Water Sensor,1574036571486,2019-11-18T00:22:51.486Z,11/18/2019 00:22:51,0,100,80,0,2.9,2C.01.14,192,greenpeak,gpd,0,-59,1,0,0,
8,10017,FFFFFFFF00604f2a,Kids bath Water Sensor,1574037468576,2019-11-18T00:37:48.576Z,11/18/2019 00:37:48,0,100,80,0,2.9,2C.01.14,180,greenpeak,gpd,0,-61,1,0,0,
8,10017,FFFFFFFF00604f2a,Kids bath Water Sensor,1574038368606,2019-11-18T00:52:48.606Z,11/18/2019 00:52:48,0,100,80,0,2.9,2C.01.14,184,greenpeak,gpd,0,-60,1,0,0,
8,10017,FFFFFFFF00604f2a,Kids bath Water Sensor,1574039268555,2019-11-18T01:07:48.555Z,11/18/2019 01:07:48,0,100,80,0,2.9,2C.01.14,188,greenpeak,gpd,0,-60,1,0,0,
8,10017,FFFFFFFF00604f2a,Kids bath Water Sensor,1574040168612,2019-11-18T01:22:48.612Z,11/18/2019 01:22:48,0,100,80,0,2.9,2C.01.14,196,greenpeak,gpd,0,-58,1,0,0,
8,10017,FFFFFFFF00604f2a,Kids bath Water Sensor,1574041068518,2019-11-18T01:37:48.518Z,11/18/2019 01:37:48,0,100,80,0,2.9,2C.01.14,196,greenpeak,gpd,0,-58,1,0,0,
8,10017,FFFFFFFF00604f2a,Kids bath Water Sensor,1574041968607,2019-11-18T01:52:48.607Z,11/18/2019 01:52:48,0,100,80,0,2.9,2C.01.14,204,greenpeak,gpd,0,-57,1,0,0,
8,10017,FFFFFFFF00604f2a,Kids bath Water Sensor,1574043768484,2019-11-18T02:22:48.484Z,11/18/2019 02:22:48,0,100,80,0,2.9,2C.01.14,204,greenpeak,gpd,0,-57,1,0,0,
8,10017,FFFFFFFF00604f2a,Kids bath Water Sensor,1574044668423,2019-11-18T02:37:48.423Z,11/18/2019 02:37:48,0,100,80,0,2.9,2C.01.14,196,greenpeak,gpd,0,-58,1,0,0,
8,10017,FFFFFFFF00604f2a,Kids bath Water Sensor,1574045568399,2019-11-18T02:52:48.399Z,11/18/2019 02:52:48,0,100,80,0,2.9,2C.01.14,200,greenpeak,gpd,0,-58,1,0,0,
8,10017,FFFFFFFF00604f2a,Kids bath Water Sensor,1574046468668,2019-11-18T03:07:48.668Z,11/18/2019 03:07:48,0,100,80,0,2.9,2C.01.14,200,greenpeak,gpd,0,-58,1,0,0,
8,10017,FFFFFFFF00604f2a,Kids bath Water Sensor,1574047368301,2019-11-18T03:22:48.301Z,11/18/2019 03:22:48,0,100,80,0,2.9,2C.01.14,208,greenpeak,gpd,0,-56,1,0,0,
8,10017,FFFFFFFF00604f2a,Kids bath Water Sensor,1574048268274,2019-11-18T03:37:48.274Z,11/18/2019 03:37:48,0,100,80,0,2.9,2C.01.14,192,greenpeak,gpd,0,-59,1,0,0,
8,10017,FFFFFFFF00604f2a,Kids bath Water Sensor,1574049168155,2019-11-18T03:52:48.155Z,11/18/2019 03:52:48,0,100,80,0,2.9,2C.01.14,192,greenpeak,gpd,0,-59,1,0,0,
8,10017,FFFFFFFF00604f2a,Kids bath Water Sensor,1574050068265,2019-11-18T04:07:48.265Z,11/18/2019 04:07:48,0,100,80,0,2.9,2C.01.14,212,greenpeak,gpd,0,-56,1,0,0,
8,10017,FFFFFFFF00604f2a,Kids bath Water Sensor,1574050968303,2019-11-18T04:22:48.303Z,11/18/2019 04:22:48,0,100,80,0,2.9,2C.01.14,188,greenpeak,gpd,0,-60,1,0,0,
8,10017,FFFFFFFF00604f2a,Kids bath Water Sensor,1574051868138,2019-11-18T04:37:48.138Z,11/18/2019 04:37:48,0,100,80,0,2.9,2C.01.14,212,greenpeak,gpd,0,-56,1,0,0,
8,10017,FFFFFFFF00604f2a,Kids bath Water Sensor,1574052768107,2019-11-18T04:52:48.107Z,11/18/2019 04:52:48,0,100,80,0,2.9,2C.01.14,192,greenpeak,gpd,0,-59,1,0,0,
8,10017,FFFFFFFF00604f2a,Kids bath Water Sensor,1574053668271,2019-11-18T05:07:48.271Z,11/18/2019 05:07:48,0,100,80,0,2.9,2C.01.14,196,greenpeak,gpd,0,-58,1,0,0,
8,10017,FFFFFFFF00604f2a,Kids bath Water Sensor,1574054567968,2019-11-18T05:22:47.968Z,11/18/2019 05:22:47,0,100,80,0,2.9,2C.01.14,192,greenpeak,gpd,0,-59,1,0,0,
8,10017,FFFFFFFF00604f2a,Kids bath Water Sensor,1574055468281,2019-11-18T05:37:48.281Z,11/18/2019 05:37:48,0,100,80,0,2.9,2C.01.14,208,greenpeak,gpd,0,-56,1,0,0,
8,10017,FFFFFFFF00604f2a,Kids bath Water Sensor,1574056367978,2019-11-18T05:52:47.978Z,11/18/2019 05:52:47,0,100,80,0,2.9,2C.01.14,212,greenpeak,gpd,0,-56,1,0,0,
8,10017,FFFFFFFF00604f2a,Kids bath Water Sensor,1574057267937,2019-11-18T06:07:47.937Z,11/18/2019 06:07:47,0,100,80,0,2.9,2C.01.14,200,greenpeak,gpd,0,-58,1,0,0,
8,10017,FFFFFFFF00604f2a,Kids bath Water Sensor,1574058168027,2019-11-18T06:22:48.027Z,11/18/2019 06:22:48,0,100,80,0,2.9,2C.01.14,196,greenpeak,gpd,0,-58,1,0,0,
8,10017,FFFFFFFF00604f2a,Kids bath Water Sensor,1574058170713,2019-11-18T06:22:50.713Z,11/18/2019 06:22:50,0,100,80,0,2.9,2C.01.14,200,greenpeak,gpd,0,-58,1,0,0,
8,10017,FFFFFFFF00604f2a,Kids bath Water Sensor,1574059067888,2019-11-18T06:37:47.888Z,11/18/2019 06:37:47,0,100,80,0,2.9,2C.01.14,204,greenpeak,gpd,0,-57,1,0,0,
8,10017,FFFFFFFF00604f2a,Kids bath Water Sensor,1574059967899,2019-11-18T06:52:47.899Z,11/18/2019 06:52:47,0,100,80,0,2.9,2C.01.14,200,greenpeak,gpd,0,-58,1,0,0,
8,10017,FFFFFFFF00604f2a,Kids bath Water Sensor,1574060867844,2019-11-18T07:07:47.844Z,11/18/2019 07:07:47,0,100,80,0,2.9,2C.01.14,196,greenpeak,gpd,0,-58,1,0,0,
8,10017,FFFFFFFF00604f2a,Kids bath Water Sensor,1574061767943,2019-11-18T07:22:47.943Z,11/18/2019 07:22:47,0,100,80,0,2.9,2C.01.14,200,greenpeak,gpd,0,-58,1,0,0,
8,10017,FFFFFFFF00604f2a,Kids bath Water Sensor,1574062667749,2019-11-18T07:37:47.749Z,11/18/2019 07:37:47,0,100,80,0,2.9,2C.01.14,212,greenpeak,gpd,0,-56,1,0,0,
8,10017,FFFFFFFF00604f2a,Kids bath Water Sensor,1574063567866,2019-11-18T07:52:47.866Z,11/18/2019 07:52:47,0,100,80,0,2.9,2C.01.14,212,greenpeak,gpd,0,-56,1,0,0,
8,10017,FFFFFFFF00604f2a,Kids bath Water Sensor,1574064467736,2019-11-18T08:07:47.736Z,11/18/2019 08:07:47,0,100,80,0,2.9,2C.01.14,204,greenpeak,gpd,0,-57,1,0,0,
8,10017,FFFFFFFF00604f2a,Kids bath Water Sensor,1574065367698,2019-11-18T08:22:47.698Z,11/18/2019 08:22:47,0,100,80,0,2.9,2C.01.14,200,greenpeak,gpd,0,-58,1,0,0,
8,10017,FFFFFFFF00604f2a,Kids bath Water Sensor,1574066267636,2019-11-18T08:37:47.636Z,11/18/2019 08:37:47,0,100,80,0,2.9,2C.01.14,208,greenpeak,gpd,0,-56,1,0,0,
8,10017,FFFFFFFF00604f2a,Kids bath Water Sensor,1574067167554,2019-11-18T08:52:47.554Z,11/18/2019 08:52:47,0,100,80,0,2.9,2C.01.14,200,greenpeak,gpd,0,-58,1,0,0,
8,10017,FFFFFFFF00604f2a,Kids bath Water Sensor,1574068067534,2019-11-18T09:07:47.534Z,11/18/2019 09:07:47,0,100,80,0,2.9,2C.01.14,196,greenpeak,gpd,0,-58,1,0,0,
8,10017,FFFFFFFF00604f2a,Kids bath Water Sensor,1574068967604,2019-11-18T09:22:47.604Z,11/18/2019 09:22:47,0,100,80,0,2.9,2C.01.14,200,greenpeak,gpd,0,-58,1,0,0,
8,10017,FFFFFFFF00604f2a,Kids bath Water Sensor,1574069867694,2019-11-18T09:37:47.694Z,11/18/2019 09:37:47,0,100,80,0,2.9,2C.01.14,200,greenpeak,gpd,0,-58,1,0,0,
8,10017,FFFFFFFF00604f2a,Kids bath Water Sensor,1574070767517,2019-11-18T09:52:47.517Z,11/18/2019 09:52:47,0,100,80,0,2.9,2C.01.14,196,greenpeak,gpd,0,-58,1,0,0,
8,10017,FFFFFFFF00604f2a,Kids bath Water Sensor,1574071667499,2019-11-18T10:07:47.499Z,11/18/2019 10:07:47,0,100,80,0,2.9,2C.01.14,208,greenpeak,gpd,0,-56,1,0,0,
8,10017,FFFFFFFF00604f2a,Kids bath Water Sensor,1574072567482,2019-11-18T10:22:47.482Z,11/18/2019 10:22:47,0,100,80,0,2.9,2C.01.14,208,greenpeak,gpd,0,-56,1,0,0,
8,10017,FFFFFFFF00604f2a,Kids bath Water Sensor,1574073467490,2019-11-18T10:37:47.490Z,11/18/2019 10:37:47,0,100,80,0,2.9,2C.01.14,200,greenpeak,gpd,0,-58,1,0,0,
8,10017,FFFFFFFF00604f2a,Kids bath Water Sensor,1574075267378,2019-11-18T11:07:47.378Z,11/18/2019 11:07:47,0,100,80,0,2.9,2C.01.14,200,greenpeak,gpd,0,-58,1,0,0,
8,10017,FFFFFFFF00604f2a,Kids bath Water Sensor,1574076167260,2019-11-18T11:22:47.260Z,11/18/2019 11:22:47,0,100,80,0,2.9,2C.01.14,208,greenpeak,gpd,0,-56,1,0,0,
8,10017,FFFFFFFF00604f2a,Kids bath Water Sensor,1574077067498,2019-11-18T11:37:47.498Z,11/18/2019 11:37:47,0,100,80,0,2.9,2C.01.14,208,greenpeak,gpd,0,-56,1,0,0,
8,10017,FFFFFFFF00604f2a,Kids bath Water Sensor,1574077967228,2019-11-18T11:52:47.228Z,11/18/2019 11:52:47,0,100,80,0,2.9,2C.01.14,164,greenpeak,gpd,0,-63,1,0,0,
8,10017,FFFFFFFF00604f2a,Kids bath Water Sensor,1574078867275,2019-11-18T12:07:47.275Z,11/18/2019 12:07:47,0,100,80,0,2.9,2C.01.14,180,greenpeak,gpd,0,-61,1,0,0,
8,10017,FFFFFFFF00604f2a,Kids bath Water Sensor,1574079767139,2019-11-18T12:22:47.139Z,11/18/2019 12:22:47,0,100,80,0,2.9,2C.01.14,196,greenpeak,gpd,0,-58,1,0,0,
8,10017,FFFFFFFF00604f2a,Kids bath Water Sensor,1574079770068,2019-11-18T12:22:50.068Z,11/18/2019 12:22:50,0,100,80,0,2.9,2C.01.14,200,greenpeak,gpd,0,-58,1,0,0,
8,10017,FFFFFFFF00604f2a,Kids bath Water Sensor,1574080667180,2019-11-18T12:37:47.180Z,11/18/2019 12:37:47,0,100,80,0,2.9,2C.01.14,200,greenpeak,gpd,0,-58,1,0,0,
8,10017,FFFFFFFF00604f2a,Kids bath Water Sensor,1574081567193,2019-11-18T12:52:47.193Z,11/18/2019 12:52:47,0,100,80,0,2.9,2C.01.14,176,greenpeak,gpd,0,-62,1,0,0,
8,10017,FFFFFFFF00604f2a,Kids bath Water Sensor,1574082467252,2019-11-18T13:07:47.252Z,11/18/2019 13:07:47,0,100,80,0,2.9,2C.01.14,196,greenpeak,gpd,0,-58,1,0,0,
8,10017,FFFFFFFF00604f2a,Kids bath Water Sensor,1574083367010,2019-11-18T13:22:47.010Z,11/18/2019 13:22:47,0,100,80,0,2.9,2C.01.14,200,greenpeak,gpd,0,-58,1,0,0,
8,10017,FFFFFFFF00604f2a,Kids bath Water Sensor,1574084267059,2019-11-18T13:37:47.059Z,11/18/2019 13:37:47,0,100,80,0,2.9,2C.01.14,196,greenpeak,gpd,0,-58,1,0,0,
8,10017,FFFFFFFF00604f2a,Kids bath Water Sensor,1574085167049,2019-11-18T13:52:47.049Z,11/18/2019 13:52:47,0,100,80,0,2.9,2C.01.14,204,greenpeak,gpd,0,-57,1,0,0,
8,10017,FFFFFFFF00604f2a,Kids bath Water Sensor,1574086066989,2019-11-18T14:07:46.989Z,11/18/2019 14:07:46,0,100,80,0,2.9,2C.01.14,200,greenpeak,gpd,0,-58,1,0,0,
8,10017,FFFFFFFF00604f2a,Kids bath Water Sensor,1574086966935,2019-11-18T14:22:46.935Z,11/18/2019 14:22:46,0,100,80,0,2.9,2C.01.14,176,greenpeak,gpd,0,-62,1,0,0,
8,10017,FFFFFFFF00604f2a,Kids bath Water Sensor,1574087867253,2019-11-18T14:37:47.253Z,11/18/2019 14:37:47,0,100,80,0,2.9,2C.01.14,200,greenpeak,gpd,0,-58,1,0,0,
8,10017,FFFFFFFF00604f2a,Kids bath Water Sensor,1574088766982,2019-11-18T14:52:46.982Z,11/18/2019 14:52:46,0,100,80,0,2.9,2C.01.14,176,greenpeak,gpd,0,-62,1,0,0,
8,10017,FFFFFFFF00604f2a,Kids bath Water Sensor,1574089667175,2019-11-18T15:07:47.175Z,11/18/2019 15:07:47,0,100,80,0,2.9,2C.01.14,200,greenpeak,gpd,0,-58,1,0,0,
8,10017,FFFFFFFF00604f2a,Kids bath Water Sensor,1574090566869,2019-11-18T15:22:46.869Z,11/18/2019 15:22:46,0,100,80,0,2.9,2C.01.14,204,greenpeak,gpd,0,-57,1,0,0,
8,10017,FFFFFFFF00604f2a,Kids bath Water Sensor,1574091466740,2019-11-18T15:37:46.740Z,11/18/2019 15:37:46,0,100,80,0,2.9,2C.01.14,204,greenpeak,gpd,0,-57,1,0,0,
8,10017,FFFFFFFF00604f2a,Kids bath Water Sensor,1574092366737,2019-11-18T15:52:46.737Z,11/18/2019 15:52:46,0,100,80,0,2.9,2C.01.14,180,greenpeak,gpd,0,-61,1,0,0,
8,10017,FFFFFFFF00604f2a,Kids bath Water Sensor,1574093266776,2019-11-18T16:07:46.776Z,11/18/2019 16:07:46,0,100,80,0,2.9,2C.01.14,204,greenpeak,gpd,0,-57,1,0,0,
8,10017,FFFFFFFF00604f2a,Kids bath Water Sensor,1574094166753,2019-11-18T16:22:46.753Z,11/18/2019 16:22:46,0,100,80,0,2.9,2C.01.14,200,greenpeak,gpd,0,-58,1,0,0,
8,10017,FFFFFFFF00604f2a,Kids bath Water Sensor,1574095066862,2019-11-18T16:37:46.862Z,11/18/2019 16:37:46,0,100,80,0,2.9,2C.01.14,204,greenpeak,gpd,0,-57,1,0,0,
8,10017,FFFFFFFF00604f2a,Kids bath Water Sensor,1574095966817,2019-11-18T16:52:46.817Z,11/18/2019 16:52:46,0,100,80,0,2.9,2C.01.14,196,greenpeak,gpd,0,-58,1,0,0,
8,10017,FFFFFFFF00604f2a,Kids bath Water Sensor,1574096866650,2019-11-18T17:07:46.650Z,11/18/2019 17:07:46,0,100,80,0,2.9,2C.01.14,192,greenpeak,gpd,0,-59,1,0,0,
8,10017,FFFFFFFF00604f2a,Kids bath Water Sensor,1574097766616,2019-11-18T17:22:46.616Z,11/18/2019 17:22:46,0,100,80,0,2.9,2C.01.14,196,greenpeak,gpd,0,-58,1,0,0,
8,10017,FFFFFFFF00604f2a,Kids bath Water Sensor,1574098666719,2019-11-18T17:37:46.719Z,11/18/2019 17:37:46,0,100,80,0,2.9,2C.01.14,192,greenpeak,gpd,0,-59,1,0,0,
8,10017,FFFFFFFF00604f2a,Kids bath Water Sensor,1574099566510,2019-11-18T17:52:46.510Z,11/18/2019 17:52:46,0,100,80,0,2.9,2C.01.14,188,greenpeak,gpd,0,-60,1,0,0,
8,10017,FFFFFFFF00604f2a,Kids bath Water Sensor,1574100466545,2019-11-18T18:07:46.545Z,11/18/2019 18:07:46,0,100,80,0,2.9,2C.01.14,192,greenpeak,gpd,0,-59,1,0,0,
8,10017,FFFFFFFF00604f2a,Kids bath Water Sensor,1574102266384,2019-11-18T18:37:46.384Z,11/18/2019 18:37:46,0,100,80,0,2.9,2C.01.14,192,greenpeak,gpd,0,-59,1,0,0,
8,10017,FFFFFFFF00604f2a,Kids bath Water Sensor,1574103166526,2019-11-18T18:52:46.526Z,11/18/2019 18:52:46,0,100,80,0,2.9,2C.01.14,188,greenpeak,gpd,0,-60,1,0,0,
8,10017,FFFFFFFF00604f2a,Kids bath Water Sensor,1574104966401,2019-11-18T19:22:46.401Z,11/18/2019 19:22:46,0,100,80,0,2.9,2C.01.14,188,greenpeak,gpd,0,-60,1,0,0,
8,10017,FFFFFFFF00604f2a,Kids bath Water Sensor,1574105866362,2019-11-18T19:37:46.362Z,11/18/2019 19:37:46,0,100,80,0,2.9,2C.01.14,184,greenpeak,gpd,0,-60,1,0,0,
8,10017,FFFFFFFF00604f2a,Kids bath Water Sensor,1574106766263,2019-11-18T19:52:46.263Z,11/18/2019 19:52:46,0,100,80,0,2.9,2C.01.14,188,greenpeak,gpd,0,-60,1,0,0,
8,10017,FFFFFFFF00604f2a,Kids bath Water Sensor,1574107666303,2019-11-18T20:07:46.303Z,11/18/2019 20:07:46,0,100,80,0,2.9,2C.01.14,168,greenpeak,gpd,0,-63,1,0,0,
8,10017,FFFFFFFF00604f2a,Kids bath Water Sensor,1574108566202,2019-11-18T20:22:46.202Z,11/18/2019 20:22:46,0,100,80,0,2.9,2C.01.14,196,greenpeak,gpd,0,-58,1,0,0,
8,10017,FFFFFFFF00604f2a,Kids bath Water Sensor,1574109466287,2019-11-18T20:37:46.287Z,11/18/2019 20:37:46,0,100,80,0,2.9,2C.01.14,196,greenpeak,gpd,0,-58,1,0,0,
8,10017,FFFFFFFF00604f2a,Kids bath Water Sensor,1574110366312,2019-11-18T20:52:46.312Z,11/18/2019 20:52:46,0,100,80,0,2.9,2C.01.14,160,greenpeak,gpd,0,-64,1,0,0,
8,10017,FFFFFFFF00604f2a,Kids bath Water Sensor,1574111266181,2019-11-18T21:07:46.181Z,11/18/2019 21:07:46,0,100,80,0,2.9,2C.01.14,168,greenpeak,gpd,0,-63,1,0,0,
8,10017,FFFFFFFF00604f2a,Kids bath Water Sensor,1574112166113,2019-11-18T21:22:46.113Z,11/18/2019 21:22:46,0,100,80,0,2.9,2C.01.14,164,greenpeak,gpd,0,-63,1,0,0,
8,10017,FFFFFFFF00604f2a,Kids bath Water Sensor,1574113066090,2019-11-18T21:37:46.090Z,11/18/2019 21:37:46,0,100,80,0,2.9,2C.01.14,188,greenpeak,gpd,0,-60,1,0,0,
8,10017,FFFFFFFF00604f2a,Kids bath Water Sensor,1574113966151,2019-11-18T21:52:46.151Z,11/18/2019 21:52:46,0,100,80,0,2.9,2C.01.14,184,greenpeak,gpd,0,-60,1,0,0,
8,10017,FFFFFFFF00604f2a,Kids bath Water Sensor,1574114866130,2019-11-18T22:07:46.130Z,11/18/2019 22:07:46,0,100,80,0,2.9,2C.01.14,180,greenpeak,gpd,0,-61,1,0,0,
8,10017,FFFFFFFF00604f2a,Kids bath Water Sensor,1574115765949,2019-11-18T22:22:45.949Z,11/18/2019 22:22:45,0,100,80,0,2.9,2C.01.14,180,greenpeak,gpd,0,-61,1,0,0,
8,10017,FFFFFFFF00604f2a,Kids bath Water Sensor,1574116666002,2019-11-18T22:37:46.002Z,11/18/2019 22:37:46,0,100,80,0,2.9,2C.01.14,188,greenpeak,gpd,0,-60,1,0,0,
8,10017,FFFFFFFF00604f2a,Kids bath Water Sensor,1574117566140,2019-11-18T22:52:46.140Z,11/18/2019 22:52:46,0,100,80,0,2.9,2C.01.14,188,greenpeak,gpd,0,-60,1,0,0,
8,10017,FFFFFFFF00604f2a,Kids bath Water Sensor,1574118465889,2019-11-18T23:07:45.889Z,11/18/2019 23:07:45,0,100,80,0,2.9,2C.01.14,156,greenpeak,gpd,0,-65,1,0,0,
8,10017,FFFFFFFF00604f2a,Kids bath Water Sensor,1574119365952,2019-11-18T23:22:45.952Z,11/18/2019 23:22:45,0,100,80,0,2.9,2C.01.14,184,greenpeak,gpd,0,-60,1,0,0,
8,10017,FFFFFFFF00604f2a,Kids bath Water Sensor,1574120265882,2019-11-18T23:37:45.882Z,11/18/2019 23:37:45,0,100,80,0,2.9,2C.01.14,188,greenpeak,gpd,0,-60,1,0,0,
8,10017,FFFFFFFF00604f2a,Kids bath Water Sensor,1574121165764,2019-11-18T23:52:45.764Z,11/18/2019 23:52:45,0,100,80,0,2.9,2C.01.14,148,greenpeak,gpd,0,-66,1,0,0,
8,10017,FFFFFFFF00604f2a,Kids bath Water Sensor,1574122065929,2019-11-19T00:07:45.929Z,11/19/2019 00:07:45,0,100,80,0,2.9,2C.01.14,168,greenpeak,gpd,0,-63,1,0,0,
8,10017,FFFFFFFF00604f2a,Kids bath Water Sensor,1574122965812,2019-11-19T00:22:45.812Z,11/19/2019 00:22:45,0,100,80,0,2.9,2C.01.14,164,greenpeak,gpd,0,-63,1,0,0,
8,10017,FFFFFFFF00604f2a,Kids bath Water Sensor,1574122968574,2019-11-19T00:22:48.574Z,11/19/2019 00:22:48,0,100,80,0,2.9,2C.01.14,172,greenpeak,gpd,0,-62,1,0,0,
8,10017,FFFFFFFF00604f2a,Kids bath Water Sensor,1574123865841,2019-11-19T00:37:45.841Z,11/19/2019 00:37:45,0,100,80,0,2.9,2C.01.14,160,greenpeak,gpd,0,-64,1,0,0,
8,10017,FFFFFFFF00604f2a,Kids bath Water Sensor,1574124765821,2019-11-19T00:52:45.821Z,11/19/2019 00:52:45,0,100,80,0,2.9,2C.01.14,200,greenpeak,gpd,0,-58,1,0,0,
8,10017,FFFFFFFF00604f2a,Kids bath Water Sensor,1574125665750,2019-11-19T01:07:45.750Z,11/19/2019 01:07:45,0,100,80,0,2.9,2C.01.14,200,greenpeak,gpd,0,-58,1,0,0,
8,10017,FFFFFFFF00604f2a,Kids bath Water Sensor,1574126565788,2019-11-19T01:22:45.788Z,11/19/2019 01:22:45,0,100,80,0,2.9,2C.01.14,216,greenpeak,gpd,0,-55,1,0,0,
8,10017,FFFFFFFF00604f2a,Kids bath Water Sensor,1574127465731,2019-11-19T01:37:45.731Z,11/19/2019 01:37:45,0,100,80,0,2.9,2C.01.14,204,greenpeak,gpd,0,-57,1,0,0,
8,10017,FFFFFFFF00604f2a,Kids bath Water Sensor,1574128365619,2019-11-19T01:52:45.619Z,11/19/2019 01:52:45,0,100,80,0,2.9,2C.01.14,208,greenpeak,gpd,0,-56,1,0,0,
8,10017,FFFFFFFF00604f2a,Kids bath Water Sensor,1574129265542,2019-11-19T02:07:45.542Z,11/19/2019 02:07:45,0,100,80,0,2.9,2C.01.14,216,greenpeak,gpd,0,-55,1,0,0,
8,10017,FFFFFFFF00604f2a,Kids bath Water Sensor,1574130165526,2019-11-19T02:22:45.526Z,11/19/2019 02:22:45,0,100,80,0,2.9,2C.01.14,220,greenpeak,gpd,0,-54,1,0,0,
8,10017,FFFFFFFF00604f2a,Kids bath Water Sensor,1574131065553,2019-11-19T02:37:45.553Z,11/19/2019 02:37:45,0,100,80,0,2.9,2C.01.14,204,greenpeak,gpd,0,-57,1,0,0,
8,10017,FFFFFFFF00604f2a,Kids bath Water Sensor,1574131965470,2019-11-19T02:52:45.470Z,11/19/2019 02:52:45,0,100,80,0,2.9,2C.01.14,204,greenpeak,gpd,0,-57,1,0,0,
8,10017,FFFFFFFF00604f2a,Kids bath Water Sensor,1574132865545,2019-11-19T03:07:45.545Z,11/19/2019 03:07:45,0,100,80,0,2.9,2C.01.14,212,greenpeak,gpd,0,-56,1,0,0,
8,10017,FFFFFFFF00604f2a,Kids bath Water Sensor,1574133765441,2019-11-19T03:22:45.441Z,11/19/2019 03:22:45,0,100,80,0,2.9,2C.01.14,216,greenpeak,gpd,0,-55,1,0,0,
8,10017,FFFFFFFF00604f2a,Kids bath Water Sensor,1574134665370,2019-11-19T03:37:45.370Z,11/19/2019 03:37:45,0,100,80,0,2.9,2C.01.14,212,greenpeak,gpd,0,-56,1,0,0,
8,10017,FFFFFFFF00604f2a,Kids bath Water Sensor,1574135565405,2019-11-19T03:52:45.405Z,11/19/2019 03:52:45,0,100,80,0,2.9,2C.01.14,196,greenpeak,gpd,0,-58,1,0,0,
8,10017,FFFFFFFF00604f2a,Kids bath Water Sensor,1574136465415,2019-11-19T04:07:45.415Z,11/19/2019 04:07:45,0,100,80,0,2.9,2C.01.14,216,greenpeak,gpd,0,-55,1,0,0,
8,10017,FFFFFFFF00604f2a,Kids bath Water Sensor,1574137365341,2019-11-19T04:22:45.341Z,11/19/2019 04:22:45,0,100,80,0,2.9,2C.01.14,212,greenpeak,gpd,0,-56,1,0,0,
8,10017,FFFFFFFF00604f2a,Kids bath Water Sensor,1574138265270,2019-11-19T04:37:45.270Z,11/19/2019 04:37:45,0,100,80,0,2.9,2C.01.14,212,greenpeak,gpd,0,-56,1,0,0,
8,10017,FFFFFFFF00604f2a,Kids bath Water Sensor,1574139165432,2019-11-19T04:52:45.432Z,11/19/2019 04:52:45,0,100,80,0,2.9,2C.01.14,208,greenpeak,gpd,0,-56,1,0,0,
8,10017,FFFFFFFF00604f2a,Kids bath Water Sensor,1574144565025,2019-11-19T06:22:45.025Z,11/19/2019 06:22:45,0,100,80,0,2.9,2C.01.14,208,greenpeak,gpd,0,-56,1,0,0,
8,10017,FFFFFFFF00604f2a,Kids bath Water Sensor,1574144567795,2019-11-19T06:22:47.795Z,11/19/2019 06:22:47,0,100,80,0,2.9,2C.01.14,216,greenpeak,gpd,0,-55,1,0,0,
8,10017,FFFFFFFF00604f2a,Kids bath Water Sensor,1574145465130,2019-11-19T06:37:45.130Z,11/19/2019 06:37:45,0,100,80,0,2.9,2C.01.14,208,greenpeak,gpd,0,-56,1,0,0,
8,10017,FFFFFFFF00604f2a,Kids bath Water Sensor,1574149964891,2019-11-19T07:52:44.891Z,11/19/2019 07:52:44,0,100,80,0,2.9,2C.01.14,208,greenpeak,gpd,0,-56,1,0,0,
8,10017,FFFFFFFF00604f2a,Kids bath Water Sensor,1574150864842,2019-11-19T08:07:44.842Z,11/19/2019 08:07:44,0,100,80,0,2.9,2C.01.14,212,greenpeak,gpd,0,-56,1,0,0,
8,10017,FFFFFFFF00604f2a,Kids bath Water Sensor,1574151764849,2019-11-19T08:22:44.849Z,11/19/2019 08:22:44,0,100,80,0,2.9,2C.01.14,216,greenpeak,gpd,0,-55,1,0,0,
8,10017,FFFFFFFF00604f2a,Kids bath Water Sensor,1574152664799,2019-11-19T08:37:44.799Z,11/19/2019 08:37:44,0,100,80,0,2.9,2C.01.14,216,greenpeak,gpd,0,-55,1,0,0,
8,10017,FFFFFFFF00604f2a,Kids bath Water Sensor,1574153564802,2019-11-19T08:52:44.802Z,11/19/2019 08:52:44,0,100,80,0,2.9,2C.01.14,208,greenpeak,gpd,0,-56,1,0,0,
8,10017,FFFFFFFF00604f2a,Kids bath Water Sensor,1574154464821,2019-11-19T09:07:44.821Z,11/19/2019 09:07:44,0,100,80,0,2.9,2C.01.14,216,greenpeak,gpd,0,-55,1,0,0,
8,10017,FFFFFFFF00604f2a,Kids bath Water Sensor,1574155364721,2019-11-19T09:22:44.721Z,11/19/2019 09:22:44,0,100,80,0,2.9,2C.01.14,208,greenpeak,gpd,0,-56,1,0,0,
8,10017,FFFFFFFF00604f2a,Kids bath Water Sensor,1574156264672,2019-11-19T09:37:44.672Z,11/19/2019 09:37:44,0,100,80,0,2.9,2C.01.14,216,greenpeak,gpd,0,-55,1,0,0,
8,10017,FFFFFFFF00604f2a,Kids bath Water Sensor,1574157164621,2019-11-19T09:52:44.621Z,11/19/2019 09:52:44,0,100,80,0,2.9,2C.01.14,216,greenpeak,gpd,0,-55,1,0,0,
8,10017,FFFFFFFF00604f2a,Kids bath Water Sensor,1574158064511,2019-11-19T10:07:44.511Z,11/19/2019 10:07:44,0,100,80,0,2.9,2C.01.14,208,greenpeak,gpd,0,-56,1,0,0,
8,10017,FFFFFFFF00604f2a,Kids bath Water Sensor,1574158964520,2019-11-19T10:22:44.520Z,11/19/2019 10:22:44,0,100,80,0,2.9,2C.01.14,216,greenpeak,gpd,0,-55,1,0,0,
8,10017,FFFFFFFF00604f2a,Kids bath Water Sensor,1574159864586,2019-11-19T10:37:44.586Z,11/19/2019 10:37:44,0,100,80,0,2.9,2C.01.14,216,greenpeak,gpd,0,-55,1,0,0,
8,10017,FFFFFFFF00604f2a,Kids bath Water Sensor,1574160764503,2019-11-19T10:52:44.503Z,11/19/2019 10:52:44,0,100,80,0,2.9,2C.01.14,212,greenpeak,gpd,0,-56,1,0,0,
8,10017,FFFFFFFF00604f2a,Kids bath Water Sensor,1574163464353,2019-11-19T11:37:44.353Z,11/19/2019 11:37:44,0,100,80,0,2.9,2C.01.14,212,greenpeak,gpd,0,-56,1,0,0,
8,10017,FFFFFFFF00604f2a,Kids bath Water Sensor,1574164364260,2019-11-19T11:52:44.260Z,11/19/2019 11:52:44,0,100,80,0,2.9,2C.01.14,208,greenpeak,gpd,0,-56,1,0,0,
8,10017,FFFFFFFF00604f2a,Kids bath Water Sensor,1574165264265,2019-11-19T12:07:44.265Z,11/19/2019 12:07:44,0,100,80,0,2.9,2C.01.14,188,greenpeak,gpd,0,-60,1,0,0,
8,10017,FFFFFFFF00604f2a,Kids bath Water Sensor,1574166164319,2019-11-19T12:22:44.319Z,11/19/2019 12:22:44,0,100,80,0,2.9,2C.01.14,212,greenpeak,gpd,0,-56,1,0,0,
8,10017,FFFFFFFF00604f2a,Kids bath Water Sensor,1574166167092,2019-11-19T12:22:47.092Z,11/19/2019 12:22:47,0,100,80,0,2.9,2C.01.14,216,greenpeak,gpd,0,-55,1,0,0,
8,10017,FFFFFFFF00604f2a,Kids bath Water Sensor,1574167064307,2019-11-19T12:37:44.307Z,11/19/2019 12:37:44,0,100,80,0,2.9,2C.01.14,188,greenpeak,gpd,0,-60,1,0,0,
8,10017,FFFFFFFF00604f2a,Kids bath Water Sensor,1574167964158,2019-11-19T12:52:44.158Z,11/19/2019 12:52:44,0,100,80,0,2.9,2C.01.14,212,greenpeak,gpd,0,-56,1,0,0,
8,10017,FFFFFFFF00604f2a,Kids bath Water Sensor,1574168864203,2019-11-19T13:07:44.203Z,11/19/2019 13:07:44,0,100,80,0,2.9,2C.01.14,212,greenpeak,gpd,0,-56,1,0,0,
8,10017,FFFFFFFF00604f2a,Kids bath Water Sensor,1574169764123,2019-11-19T13:22:44.123Z,11/19/2019 13:22:44,0,100,80,0,2.9,2C.01.14,192,greenpeak,gpd,0,-59,1,0,0,
8,10017,FFFFFFFF00604f2a,Kids bath Water Sensor,1574170664123,2019-11-19T13:37:44.123Z,11/19/2019 13:37:44,0,100,80,0,2.9,2C.01.14,212,greenpeak,gpd,0,-56,1,0,0,
8,10017,FFFFFFFF00604f2a,Kids bath Water Sensor,1574171564235,2019-11-19T13:52:44.235Z,11/19/2019 13:52:44,0,100,80,0,2.9,2C.01.14,184,greenpeak,gpd,0,-60,1,0,0,
8,10017,FFFFFFFF00604f2a,Kids bath Water Sensor,1574172464103,2019-11-19T14:07:44.103Z,11/19/2019 14:07:44,0,100,80,0,2.9,2C.01.14,184,greenpeak,gpd,0,-60,1,0,0,
8,10017,FFFFFFFF00604f2a,Kids bath Water Sensor,1574173364071,2019-11-19T14:22:44.071Z,11/19/2019 14:22:44,0,100,80,0,2.9,2C.01.14,212,greenpeak,gpd,0,-56,1,0,0,
8,10017,FFFFFFFF00604f2a,Kids bath Water Sensor,1574174264103,2019-11-19T14:37:44.103Z,11/19/2019 14:37:44,0,100,80,0,2.9,2C.01.14,180,greenpeak,gpd,0,-61,1,0,0,
8,10017,FFFFFFFF00604f2a,Kids bath Water Sensor,1574175163976,2019-11-19T14:52:43.976Z,11/19/2019 14:52:43,0,100,80,0,2.9,2C.01.14,212,greenpeak,gpd,0,-56,1,0,0,
8,10017,FFFFFFFF00604f2a,Kids bath Water Sensor,1574176063987,2019-11-19T15:07:43.987Z,11/19/2019 15:07:43,0,100,80,0,2.9,2C.01.14,212,greenpeak,gpd,0,-56,1,0,0,
8,10017,FFFFFFFF00604f2a,Kids bath Water Sensor,1574176963976,2019-11-19T15:22:43.976Z,11/19/2019 15:22:43,0,100,80,0,2.9,2C.01.14,184,greenpeak,gpd,0,-60,1,0,0,
8,10017,FFFFFFFF00604f2a,Kids bath Water Sensor,1574177863923,2019-11-19T15:37:43.923Z,11/19/2019 15:37:43,0,100,80,0,2.9,2C.01.14,192,greenpeak,gpd,0,-59,1,0,0,
8,10017,FFFFFFFF00604f2a,Kids bath Water Sensor,1574178763977,2019-11-19T15:52:43.977Z,11/19/2019 15:52:43,0,100,80,0,2.9,2C.01.14,212,greenpeak,gpd,0,-56,1,0,0,
8,10017,FFFFFFFF00604f2a,Kids bath Water Sensor,1574179663819,2019-11-19T16:07:43.819Z,11/19/2019 16:07:43,0,100,80,0,2.9,2C.01.14,184,greenpeak,gpd,0,-60,1,0,0,
8,10017,FFFFFFFF00604f2a,Kids bath Water Sensor,1574180563889,2019-11-19T16:22:43.889Z,11/19/2019 16:22:43,0,100,80,0,2.9,2C.01.14,184,greenpeak,gpd,0,-60,1,0,0,
8,10017,FFFFFFFF00604f2a,Kids bath Water Sensor,1574181463778,2019-11-19T16:37:43.778Z,11/19/2019 16:37:43,0,100,80,0,2.9,2C.01.14,212,greenpeak,gpd,0,-56,1,0,0,
8,10017,FFFFFFFF00604f2a,Kids bath Water Sensor,1574182363847,2019-11-19T16:52:43.847Z,11/19/2019 16:52:43,0,100,80,0,2.9,2C.01.14,212,greenpeak,gpd,0,-56,1,0,0,
8,10017,FFFFFFFF00604f2a,Kids bath Water Sensor,1574183263708,2019-11-19T17:07:43.708Z,11/19/2019 17:07:43,0,100,80,0,2.9,2C.01.14,180,greenpeak,gpd,0,-61,1,0,0,
8,10017,FFFFFFFF00604f2a,Kids bath Water Sensor,1574184163681,2019-11-19T17:22:43.681Z,11/19/2019 17:22:43,0,100,80,0,2.9,2C.01.14,180,greenpeak,gpd,0,-61,1,0,0,
8,10017,FFFFFFFF00604f2a,Kids bath Water Sensor,1574185063738,2019-11-19T17:37:43.738Z,11/19/2019 17:37:43,0,100,80,0,2.9,2C.01.14,188,greenpeak,gpd,0,-60,1,0,0,
8,10017,FFFFFFFF00604f2a,Kids bath Water Sensor,1574185963606,2019-11-19T17:52:43.606Z,11/19/2019 17:52:43,0,100,80,0,2.9,2C.01.14,212,greenpeak,gpd,0,-56,1,0,0,
8,10017,FFFFFFFF00604f2a,Kids bath Water Sensor,1574186863683,2019-11-19T18:07:43.683Z,11/19/2019 18:07:43,0,100,80,0,2.9,2C.01.14,180,greenpeak,gpd,0,-61,1,0,0,
8,10017,FFFFFFFF00604f2a,Kids bath Water Sensor,1574187763578,2019-11-19T18:22:43.578Z,11/19/2019 18:22:43,0,100,80,0,2.9,2C.01.14,208,greenpeak,gpd,0,-56,1,0,0,
8,10017,FFFFFFFF00604f2a,Kids bath Water Sensor,1574187766427,2019-11-19T18:22:46.427Z,11/19/2019 18:22:46,0,100,80,0,2.9,2C.01.14,208,greenpeak,gpd,0,-56,1,0,0,
8,10017,FFFFFFFF00604f2a,Kids bath Water Sensor,1574188663512,2019-11-19T18:37:43.512Z,11/19/2019 18:37:43,0,100,80,0,2.9,2C.01.14,176,greenpeak,gpd,0,-62,1,0,0,
8,10017,FFFFFFFF00604f2a,Kids bath Water Sensor,1574189563522,2019-11-19T18:52:43.522Z,11/19/2019 18:52:43,0,100,80,0,2.9,2C.01.14,204,greenpeak,gpd,0,-57,1,0,0,
8,10017,FFFFFFFF00604f2a,Kids bath Water Sensor,1574190463442,2019-11-19T19:07:43.442Z,11/19/2019 19:07:43,0,100,80,0,2.9,2C.01.14,208,greenpeak,gpd,0,-56,1,0,0,
8,10017,FFFFFFFF00604f2a,Kids bath Water Sensor,1574191363622,2019-11-19T19:22:43.622Z,11/19/2019 19:22:43,0,100,80,0,2.9,2C.01.14,204,greenpeak,gpd,0,-57,1,0,0,
8,10017,FFFFFFFF00604f2a,Kids bath Water Sensor,1574192263391,2019-11-19T19:37:43.391Z,11/19/2019 19:37:43,0,100,80,0,2.9,2C.01.14,212,greenpeak,gpd,0,-56,1,0,0,
8,10017,FFFFFFFF00604f2a,Kids bath Water Sensor,1574194063291,2019-11-19T20:07:43.291Z,11/19/2019 20:07:43,0,100,80,0,2.9,2C.01.14,212,greenpeak,gpd,0,-56,1,0,0,
8,10017,FFFFFFFF00604f2a,Kids bath Water Sensor,1574194963446,2019-11-19T20:22:43.446Z,11/19/2019 20:22:43,0,100,80,0,2.9,2C.01.14,216,greenpeak,gpd,0,-55,1,0,0,
8,10017,FFFFFFFF00604f2a,Kids bath Water Sensor,1574195863286,2019-11-19T20:37:43.286Z,11/19/2019 20:37:43,0,100,80,0,2.9,2C.01.14,212,greenpeak,gpd,0,-56,1,0,0,
8,10017,FFFFFFFF00604f2a,Kids bath Water Sensor,1574196763381,2019-11-19T20:52:43.381Z,11/19/2019 20:52:43,0,100,80,0,2.9,2C.01.14,212,greenpeak,gpd,0,-56,1,0,0,
8,10017,FFFFFFFF00604f2a,Kids bath Water Sensor,1574197663276,2019-11-19T21:07:43.276Z,11/19/2019 21:07:43,0,100,80,0,2.9,2C.01.14,208,greenpeak,gpd,0,-56,1,0,0,
8,10017,FFFFFFFF00604f2a,Kids bath Water Sensor,1574198563146,2019-11-19T21:22:43.146Z,11/19/2019 21:22:43,0,100,80,0,2.9,2C.01.14,208,greenpeak,gpd,0,-56,1,0,0,
8,10017,FFFFFFFF00604f2a,Kids bath Water Sensor,1574199463280,2019-11-19T21:37:43.280Z,11/19/2019 21:37:43,0,100,80,0,2.9,2C.01.14,212,greenpeak,gpd,0,-56,1,0,0,
8,10017,FFFFFFFF00604f2a,Kids bath Water Sensor,1574202162981,2019-11-19T22:22:42.981Z,11/19/2019 22:22:42,0,100,80,0,2.9,2C.01.14,212,greenpeak,gpd,0,-56,1,0,0,
8,10017,FFFFFFFF00604f2a,Kids bath Water Sensor,1574203063103,2019-11-19T22:37:43.103Z,11/19/2019 22:37:43,0,100,80,0,2.9,2C.01.14,208,greenpeak,gpd,0,-56,1,0,0,
8,10017,FFFFFFFF00604f2a,Kids bath Water Sensor,1574203963115,2019-11-19T22:52:43.115Z,11/19/2019 22:52:43,0,100,80,0,2.9,2C.01.14,208,greenpeak,gpd,0,-56,1,0,0,
8,10017,FFFFFFFF00604f2a,Kids bath Water Sensor,1574204863054,2019-11-19T23:07:43.054Z,11/19/2019 23:07:43,0,100,80,0,2.9,2C.01.14,212,greenpeak,gpd,0,-56,1,0,0,
8,10017,FFFFFFFF00604f2a,Kids bath Water Sensor,1574205762940,2019-11-19T23:22:42.940Z,11/19/2019 23:22:42,0,100,80,0,2.9,2C.01.14,204,greenpeak,gpd,0,-57,1,0,0,
8,10017,FFFFFFFF00604f2a,Kids bath Water Sensor,1574206662916,2019-11-19T23:37:42.916Z,11/19/2019 23:37:42,0,100,80,0,2.9,2C.01.14,196,greenpeak,gpd,0,-58,1,0,0,
8,10017,FFFFFFFF00604f2a,Kids bath Water Sensor,1574208462794,2019-11-20T00:07:42.794Z,11/20/2019 00:07:42,0,100,80,0,2.9,2C.01.14,196,greenpeak,gpd,0,-58,1,0,0,
8,10017,FFFFFFFF00604f2a,Kids bath Water Sensor,1574209362816,2019-11-20T00:22:42.816Z,11/20/2019 00:22:42,0,100,80,0,2.9,2C.01.14,204,greenpeak,gpd,0,-57,1,0,0,
8,10017,FFFFFFFF00604f2a,Kids bath Water Sensor,1574209365657,2019-11-20T00:22:45.657Z,11/20/2019 00:22:45,0,100,80,0,2.9,2C.01.14,196,greenpeak,gpd,0,-58,1,0,0,
8,10017,FFFFFFFF00604f2a,Kids bath Water Sensor,1574210262794,2019-11-20T00:37:42.794Z,11/20/2019 00:37:42,0,100,80,0,2.9,2C.01.14,200,greenpeak,gpd,0,-58,1,0,0,
8,10017,FFFFFFFF00604f2a,Kids bath Water Sensor,1574211162847,2019-11-20T00:52:42.847Z,11/20/2019 00:52:42,0,100,80,0,2.9,2C.01.14,196,greenpeak,gpd,0,-58,1,0,0,
8,10017,FFFFFFFF00604f2a,Kids bath Water Sensor,1574212062866,2019-11-20T01:07:42.866Z,11/20/2019 01:07:42,0,100,80,0,2.9,2C.01.14,200,greenpeak,gpd,0,-58,1,0,0,
8,10017,FFFFFFFF00604f2a,Kids bath Water Sensor,1574212962833,2019-11-20T01:22:42.833Z,11/20/2019 01:22:42,0,100,80,0,2.9,2C.01.14,192,greenpeak,gpd,0,-59,1,0,0,
8,10017,FFFFFFFF00604f2a,Kids bath Water Sensor,1574213862638,2019-11-20T01:37:42.638Z,11/20/2019 01:37:42,0,100,80,0,2.9,2C.01.14,204,greenpeak,gpd,0,-57,1,0,0,
8,10017,FFFFFFFF00604f2a,Kids bath Water Sensor,1574214762659,2019-11-20T01:52:42.659Z,11/20/2019 01:52:42,0,100,80,0,2.9,2C.01.14,204,greenpeak,gpd,0,-57,1,0,0,
8,10017,FFFFFFFF00604f2a,Kids bath Water Sensor,1574215662613,2019-11-20T02:07:42.613Z,11/20/2019 02:07:42,0,100,80,0,2.9,2C.01.14,212,greenpeak,gpd,0,-56,1,0,0,
8,10017,FFFFFFFF00604f2a,Kids bath Water Sensor,1574216562627,2019-11-20T02:22:42.627Z,11/20/2019 02:22:42,0,100,80,0,2.9,2C.01.14,204,greenpeak,gpd,0,-57,1,0,0,
8,10017,FFFFFFFF00604f2a,Kids bath Water Sensor,1574217462622,2019-11-20T02:37:42.622Z,11/20/2019 02:37:42,0,100,80,0,2.9,2C.01.14,216,greenpeak,gpd,0,-55,1,0,0,
8,10017,FFFFFFFF00604f2a,Kids bath Water Sensor,1574218362600,2019-11-20T02:52:42.600Z,11/20/2019 02:52:42,0,100,80,0,2.9,2C.01.14,200,greenpeak,gpd,0,-58,1,0,0,
8,10017,FFFFFFFF00604f2a,Kids bath Water Sensor,1574219262538,2019-11-20T03:07:42.538Z,11/20/2019 03:07:42,0,100,80,0,2.9,2C.01.14,200,greenpeak,gpd,0,-58,1,0,0,
8,10017,FFFFFFFF00604f2a,Kids bath Water Sensor,1574220162485,2019-11-20T03:22:42.485Z,11/20/2019 03:22:42,0,100,80,0,2.9,2C.01.14,212,greenpeak,gpd,0,-56,1,0,0,
8,10017,FFFFFFFF00604f2a,Kids bath Water Sensor,1574227362269,2019-11-20T05:22:42.269Z,11/20/2019 05:22:42,0,100,80,0,2.9,2C.01.14,212,greenpeak,gpd,0,-56,1,0,0,
8,10017,FFFFFFFF00604f2a,Kids bath Water Sensor,1574228262272,2019-11-20T05:37:42.272Z,11/20/2019 05:37:42,0,100,80,0,2.9,2C.01.14,216,greenpeak,gpd,0,-55,1,0,0,
8,10017,FFFFFFFF00604f2a,Kids bath Water Sensor,1574229162162,2019-11-20T05:52:42.162Z,11/20/2019 05:52:42,0,100,80,0,2.9,2C.01.14,204,greenpeak,gpd,0,-57,1,0,0,
8,10017,FFFFFFFF00604f2a,Kids bath Water Sensor,1574230962142,2019-11-20T06:22:42.142Z,11/20/2019 06:22:42,0,100,80,0,2.9,2C.01.14,204,greenpeak,gpd,0,-57,1,0,0,
8,10017,FFFFFFFF00604f2a,Kids bath Water Sensor,1574230964993,2019-11-20T06:22:44.993Z,11/20/2019 06:22:44,0,100,80,0,2.9,2C.01.14,208,greenpeak,gpd,0,-56,1,0,0,
8,10017,FFFFFFFF00604f2a,Kids bath Water Sensor,1574231862089,2019-11-20T06:37:42.089Z,11/20/2019 06:37:42,0,100,80,0,2.9,2C.01.14,212,greenpeak,gpd,0,-56,1,0,0,
8,10017,FFFFFFFF00604f2a,Kids bath Water Sensor,1574232761976,2019-11-20T06:52:41.976Z,11/20/2019 06:52:41,0,100,80,0,2.9,2C.01.14,216,greenpeak,gpd,0,-55,1,0,0,
8,10017,FFFFFFFF00604f2a,Kids bath Water Sensor,1574233662089,2019-11-20T07:07:42.089Z,11/20/2019 07:07:42,0,100,80,0,2.9,2C.01.14,216,greenpeak,gpd,0,-55,1,0,0,
8,10017,FFFFFFFF00604f2a,Kids bath Water Sensor,1574234735368,2019-11-20T07:25:35.368Z,11/20/2019 07:25:35,0,100,80,0,2.9,2C.01.14,200,greenpeak,gpd,0,-58,1,0,0,
8,10017,FFFFFFFF00604f2a,Kids bath Water Sensor,1574235462075,2019-11-20T07:37:42.075Z,11/20/2019 07:37:42,0,100,80,0,2.9,2C.01.14,204,greenpeak,gpd,0,-57,1,0,0,
8,10017,FFFFFFFF00604f2a,Kids bath Water Sensor,1574236361993,2019-11-20T07:52:41.993Z,11/20/2019 07:52:41,0,100,80,0,2.9,2C.01.14,216,greenpeak,gpd,0,-55,1,0,0,
8,10017,FFFFFFFF00604f2a,Kids bath Water Sensor,1574237261902,2019-11-20T08:07:41.902Z,11/20/2019 08:07:41,0,100,80,0,2.9,2C.01.14,212,greenpeak,gpd,0,-56,1,0,0,
8,10017,FFFFFFFF00604f2a,Kids bath Water Sensor,1574238161973,2019-11-20T08:22:41.973Z,11/20/2019 08:22:41,0,100,80,0,2.9,2C.01.14,216,greenpeak,gpd,0,-55,1,0,0,
8,10017,FFFFFFFF00604f2a,Kids bath Water Sensor,1574239062036,2019-11-20T08:37:42.036Z,11/20/2019 08:37:42,0,100,80,0,2.9,2C.01.14,204,greenpeak,gpd,0,-57,1,0,0,
8,10017,FFFFFFFF00604f2a,Kids bath Water Sensor,1574239961856,2019-11-20T08:52:41.856Z,11/20/2019 08:52:41,0,100,80,0,2.9,2C.01.14,212,greenpeak,gpd,0,-56,1,0,0,
8,10017,FFFFFFFF00604f2a,Kids bath Water Sensor,1574241761880,2019-11-20T09:22:41.880Z,11/20/2019 09:22:41,0,100,80,0,2.9,2C.01.14,212,greenpeak,gpd,0,-56,1,0,0,
8,10017,FFFFFFFF00604f2a,Kids bath Water Sensor,1574242661804,2019-11-20T09:37:41.804Z,11/20/2019 09:37:41,0,100,80,0,2.9,2C.01.14,204,greenpeak,gpd,0,-57,1,0,0,
8,10017,FFFFFFFF00604f2a,Kids bath Water Sensor,1574246261671,2019-11-20T10:37:41.671Z,11/20/2019 10:37:41,0,100,80,0,2.9,2C.01.14,204,greenpeak,gpd,0,-57,1,0,0,
8,10017,FFFFFFFF00604f2a,Kids bath Water Sensor,1574247161688,2019-11-20T10:52:41.688Z,11/20/2019 10:52:41,0,100,80,0,2.9,2C.01.14,212,greenpeak,gpd,0,-56,1,0,0,
8,10017,FFFFFFFF00604f2a,Kids bath Water Sensor,1574248061598,2019-11-20T11:07:41.598Z,11/20/2019 11:07:41,0,100,80,0,2.9,2C.01.14,168,greenpeak,gpd,0,-63,1,0,0,
8,10017,FFFFFFFF00604f2a,Kids bath Water Sensor,1574248961536,2019-11-20T11:22:41.536Z,11/20/2019 11:22:41,0,100,80,0,2.9,2C.01.14,208,greenpeak,gpd,0,-56,1,0,0,
8,10017,FFFFFFFF00604f2a,Kids bath Water Sensor,1574249861431,2019-11-20T11:37:41.431Z,11/20/2019 11:37:41,0,100,80,0,2.9,2C.01.14,172,greenpeak,gpd,0,-62,1,0,0,
8,10017,FFFFFFFF00604f2a,Kids bath Water Sensor,1574250761424,2019-11-20T11:52:41.424Z,11/20/2019 11:52:41,0,100,80,0,2.9,2C.01.14,208,greenpeak,gpd,0,-56,1,0,0,
8,10017,FFFFFFFF00604f2a,Kids bath Water Sensor,1574251661530,2019-11-20T12:07:41.530Z,11/20/2019 12:07:41,0,100,80,0,2.9,2C.01.14,212,greenpeak,gpd,0,-56,1,0,0,
8,10017,FFFFFFFF00604f2a,Kids bath Water Sensor,1574254361339,2019-11-20T12:52:41.339Z,11/20/2019 12:52:41,0,100,80,0,2.9,2C.01.14,212,greenpeak,gpd,0,-56,1,0,0,
8,10017,FFFFFFFF00604f2a,Kids bath Water Sensor,1574255261392,2019-11-20T13:07:41.392Z,11/20/2019 13:07:41,0,100,80,0,2.9,2C.01.14,180,greenpeak,gpd,0,-61,1,0,0,
8,10017,FFFFFFFF00604f2a,Kids bath Water Sensor,1574256161369,2019-11-20T13:22:41.369Z,11/20/2019 13:22:41,0,100,80,0,2.9,2C.01.14,212,greenpeak,gpd,0,-56,1,0,0,
8,10017,FFFFFFFF00604f2a,Kids bath Water Sensor,1574257061241,2019-11-20T13:37:41.241Z,11/20/2019 13:37:41,0,100,80,0,2.9,2C.01.14,212,greenpeak,gpd,0,-56,1,0,0,
8,10017,FFFFFFFF00604f2a,Kids bath Water Sensor,1574257961245,2019-11-20T13:52:41.245Z,11/20/2019 13:52:41,0,100,80,0,2.9,2C.01.14,180,greenpeak,gpd,0,-61,1,0,0,
8,10017,FFFFFFFF00604f2a,Kids bath Water Sensor,1574258861233,2019-11-20T14:07:41.233Z,11/20/2019 14:07:41,0,100,80,0,2.9,2C.01.14,188,greenpeak,gpd,0,-60,1,0,0,
8,10017,FFFFFFFF00604f2a,Kids bath Water Sensor,1574259761281,2019-11-20T14:22:41.281Z,11/20/2019 14:22:41,0,100,80,0,2.9,2C.01.14,212,greenpeak,gpd,0,-56,1,0,0,
8,10017,FFFFFFFF00604f2a,Kids bath Water Sensor,1574260661152,2019-11-20T14:37:41.152Z,11/20/2019 14:37:41,0,100,80,0,2.9,2C.01.14,216,greenpeak,gpd,0,-55,1,0,0,
8,10017,FFFFFFFF00604f2a,Kids bath Water Sensor,1574261561147,2019-11-20T14:52:41.147Z,11/20/2019 14:52:41,0,100,80,0,2.9,2C.01.14,212,greenpeak,gpd,0,-56,1,0,0,
8,10017,FFFFFFFF00604f2a,Kids bath Water Sensor,1574263360944,2019-11-20T15:22:40.944Z,11/20/2019 15:22:40,0,100,80,0,2.9,2C.01.14,212,greenpeak,gpd,0,-56,1,0,0,
8,10017,FFFFFFFF00604f2a,Kids bath Water Sensor,1574264261013,2019-11-20T15:37:41.013Z,11/20/2019 15:37:41,0,100,80,0,2.9,2C.01.14,184,greenpeak,gpd,0,-60,1,0,0,
8,10017,FFFFFFFF00604f2a,Kids bath Water Sensor,1574265160920,2019-11-20T15:52:40.920Z,11/20/2019 15:52:40,0,100,80,0,2.9,2C.01.14,180,greenpeak,gpd,0,-61,1,0,0,
8,10017,FFFFFFFF00604f2a,Kids bath Water Sensor,1574266060941,2019-11-20T16:07:40.941Z,11/20/2019 16:07:40,0,100,80,0,2.9,2C.01.14,212,greenpeak,gpd,0,-56,1,0,0,
8,10017,FFFFFFFF00604f2a,Kids bath Water Sensor,1574266961020,2019-11-20T16:22:41.020Z,11/20/2019 16:22:41,0,100,80,0,2.9,2C.01.14,212,greenpeak,gpd,0,-56,1,0,0,
8,10017,FFFFFFFF00604f2a,Kids bath Water Sensor,1574267860837,2019-11-20T16:37:40.837Z,11/20/2019 16:37:40,0,100,80,0,2.9,2C.01.14,180,greenpeak,gpd,0,-61,1,0,0,
8,10017,FFFFFFFF00604f2a,Kids bath Water Sensor,1574268760822,2019-11-20T16:52:40.822Z,11/20/2019 16:52:40,0,100,80,0,2.9,2C.01.14,188,greenpeak,gpd,0,-60,1,0,0,
8,10017,FFFFFFFF00604f2a,Kids bath Water Sensor,1574269660941,2019-11-20T17:07:40.941Z,11/20/2019 17:07:40,0,100,80,0,2.9,2C.01.14,212,greenpeak,gpd,0,-56,1,0,0,
8,10017,FFFFFFFF00604f2a,Kids bath Water Sensor,1574270560790,2019-11-20T17:22:40.790Z,11/20/2019 17:22:40,0,100,80,0,2.9,2C.01.14,184,greenpeak,gpd,0,-60,1,0,0,
8,10017,FFFFFFFF00604f2a,Kids bath Water Sensor,1574271460752,2019-11-20T17:37:40.752Z,11/20/2019 17:37:40,0,100,80,0,2.9,2C.01.14,212,greenpeak,gpd,0,-56,1,0,0,
8,10017,FFFFFFFF00604f2a,Kids bath Water Sensor,1574273260626,2019-11-20T18:07:40.626Z,11/20/2019 18:07:40,0,100,80,0,2.9,2C.01.14,212,greenpeak,gpd,0,-56,1,0,0,
8,10017,FFFFFFFF00604f2a,Kids bath Water Sensor,1574274160771,2019-11-20T18:22:40.771Z,11/20/2019 18:22:40,0,100,80,0,2.9,2C.01.14,216,greenpeak,gpd,0,-55,1,0,0,
8,10017,FFFFFFFF00604f2a,Kids bath Water Sensor,1574274163499,2019-11-20T18:22:43.499Z,11/20/2019 18:22:43,0,100,80,0,2.9,2C.01.14,216,greenpeak,gpd,0,-55,1,0,0,
8,10017,FFFFFFFF00604f2a,Kids bath Water Sensor,1574275060695,2019-11-20T18:37:40.695Z,11/20/2019 18:37:40,0,100,80,0,2.9,2C.01.14,212,greenpeak,gpd,0,-56,1,0,0,
8,10017,FFFFFFFF00604f2a,Kids bath Water Sensor,1574275960627,2019-11-20T18:52:40.627Z,11/20/2019 18:52:40,0,100,80,0,2.9,2C.01.14,196,greenpeak,gpd,0,-58,1,0,0,
8,10017,FFFFFFFF00604f2a,Kids bath Water Sensor,1574276860544,2019-11-20T19:07:40.544Z,11/20/2019 19:07:40,0,100,80,0,2.9,2C.01.14,188,greenpeak,gpd,0,-60,1,0,0,
8,10017,FFFFFFFF00604f2a,Kids bath Water Sensor,1574277760549,2019-11-20T19:22:40.549Z,11/20/2019 19:22:40,0,100,80,0,2.9,2C.01.14,196,greenpeak,gpd,0,-58,1,0,0,
8,10017,FFFFFFFF00604f2a,Kids bath Water Sensor,1574278660455,2019-11-20T19:37:40.455Z,11/20/2019 19:37:40,0,100,80,0,2.9,2C.01.14,196,greenpeak,gpd,0,-58,1,0,0,
8,10017,FFFFFFFF00604f2a,Kids bath Water Sensor,1574279560522,2019-11-20T19:52:40.522Z,11/20/2019 19:52:40,0,100,80,0,2.9,2C.01.14,188,greenpeak,gpd,0,-60,1,0,0,
8,10017,FFFFFFFF00604f2a,Kids bath Water Sensor,1574280460446,2019-11-20T20:07:40.446Z,11/20/2019 20:07:40,0,100,80,0,2.9,2C.01.14,216,greenpeak,gpd,0,-55,1,0,0,
8,10017,FFFFFFFF00604f2a,Kids bath Water Sensor,1574281360592,2019-11-20T20:22:40.592Z,11/20/2019 20:22:40,0,100,80,0,2.9,2C.01.14,200,greenpeak,gpd,0,-58,1,0,0,
8,10017,FFFFFFFF00604f2a,Kids bath Water Sensor,1574282260413,2019-11-20T20:37:40.413Z,11/20/2019 20:37:40,0,100,80,0,2.9,2C.01.14,196,greenpeak,gpd,0,-58,1,0,0,
8,10017,FFFFFFFF00604f2a,Kids bath Water Sensor,1574283160355,2019-11-20T20:52:40.355Z,11/20/2019 20:52:40,0,100,80,0,2.9,2C.01.14,196,greenpeak,gpd,0,-58,1,0,0,
8,10017,FFFFFFFF00604f2a,Kids bath Water Sensor,1574284060368,2019-11-20T21:07:40.368Z,11/20/2019 21:07:40,0,100,80,0,2.9,2C.01.14,216,greenpeak,gpd,0,-55,1,0,0,
8,10017,FFFFFFFF00604f2a,Kids bath Water Sensor,1574284960311,2019-11-20T21:22:40.311Z,11/20/2019 21:22:40,0,100,80,0,2.9,2C.01.14,212,greenpeak,gpd,0,-56,1,0,0,
8,10017,FFFFFFFF00604f2a,Kids bath Water Sensor,1574285860340,2019-11-20T21:37:40.340Z,11/20/2019 21:37:40,0,100,80,0,2.9,2C.01.14,212,greenpeak,gpd,0,-56,1,0,0,
8,10017,FFFFFFFF00604f2a,Kids bath Water Sensor,1574286760340,2019-11-20T21:52:40.340Z,11/20/2019 21:52:40,0,100,80,0,2.9,2C.01.14,208,greenpeak,gpd,0,-56,1,0,0,
8,10017,FFFFFFFF00604f2a,Kids bath Water Sensor,1574287660130,2019-11-20T22:07:40.130Z,11/20/2019 22:07:40,0,100,80,0,2.9,2C.01.14,212,greenpeak,gpd,0,-56,1,0,0,
8,10017,FFFFFFFF00604f2a,Kids bath Water Sensor,1574288560271,2019-11-20T22:22:40.271Z,11/20/2019 22:22:40,0,100,80,0,2.9,2C.01.14,200,greenpeak,gpd,0,-58,1,0,0,
8,10017,FFFFFFFF00604f2a,Kids bath Water Sensor,1574289460175,2019-11-20T22:37:40.175Z,11/20/2019 22:37:40,0,100,80,0,2.9,2C.01.14,200,greenpeak,gpd,0,-58,1,0,0,
8,10017,FFFFFFFF00604f2a,Kids bath Water Sensor,1574290360047,2019-11-20T22:52:40.047Z,11/20/2019 22:52:40,0,100,80,0,2.9,2C.01.14,204,greenpeak,gpd,0,-57,1,0,0,
8,10017,FFFFFFFF00604f2a,Kids bath Water Sensor,1574291260027,2019-11-20T23:07:40.027Z,11/20/2019 23:07:40,0,100,80,0,2.9,2C.01.14,200,greenpeak,gpd,0,-58,1,0,0,
8,10017,FFFFFFFF00604f2a,Kids bath Water Sensor,1574292160106,2019-11-20T23:22:40.106Z,11/20/2019 23:22:40,0,100,80,0,2.9,2C.01.14,204,greenpeak,gpd,0,-57,1,0,0,
8,10017,FFFFFFFF00604f2a,Kids bath Water Sensor,1574293060016,2019-11-20T23:37:40.016Z,11/20/2019 23:37:40,0,100,80,0,2.9,2C.01.14,200,greenpeak,gpd,0,-58,1,0,0,
8,10017,FFFFFFFF00604f2a,Kids bath Water Sensor,1574293959992,2019-11-20T23:52:39.992Z,11/20/2019 23:52:39,0,100,80,0,2.9,2C.01.14,212,greenpeak,gpd,0,-56,1,0,0,
8,10017,FFFFFFFF00604f2a,Kids bath Water Sensor,1574294859979,2019-11-21T00:07:39.979Z,11/21/2019 00:07:39,0,100,80,0,2.9,2C.01.14,192,greenpeak,gpd,0,-59,1,0,0,
8,10017,FFFFFFFF00604f2a,Kids bath Water Sensor,1574295760088,2019-11-21T00:22:40.088Z,11/21/2019 00:22:40,0,100,80,0,2.9,2C.01.14,176,greenpeak,gpd,0,-62,1,0,0,
8,10017,FFFFFFFF00604f2a,Kids bath Water Sensor,1574295762715,2019-11-21T00:22:42.715Z,11/21/2019 00:22:42,0,100,80,0,2.9,2C.01.14,192,greenpeak,gpd,0,-59,1,0,0,
8,10017,FFFFFFFF00604f2a,Kids bath Water Sensor,1574296660011,2019-11-21T00:37:40.011Z,11/21/2019 00:37:40,0,100,80,0,2.9,2C.01.14,204,greenpeak,gpd,0,-57,1,0,0,
8,10017,FFFFFFFF00604f2a,Kids bath Water Sensor,1574297559787,2019-11-21T00:52:39.787Z,11/21/2019 00:52:39,0,100,80,0,2.9,2C.01.14,168,greenpeak,gpd,0,-63,1,0,0,
8,10017,FFFFFFFF00604f2a,Kids bath Water Sensor,1574298459812,2019-11-21T01:07:39.812Z,11/21/2019 01:07:39,0,100,80,0,2.9,2C.01.14,200,greenpeak,gpd,0,-58,1,0,0,
8,10017,FFFFFFFF00604f2a,Kids bath Water Sensor,1574299359859,2019-11-21T01:22:39.859Z,11/21/2019 01:22:39,0,100,80,0,2.9,2C.01.14,172,greenpeak,gpd,0,-62,1,0,0,
8,10017,FFFFFFFF00604f2a,Kids bath Water Sensor,1574300259860,2019-11-21T01:37:39.860Z,11/21/2019 01:37:39,0,100,80,0,2.9,2C.01.14,156,greenpeak,gpd,0,-65,1,0,0,
8,10017,FFFFFFFF00604f2a,Kids bath Water Sensor,1574301159789,2019-11-21T01:52:39.789Z,11/21/2019 01:52:39,0,100,80,0,2.9,2C.01.14,192,greenpeak,gpd,0,-59,1,0,0,
8,10017,FFFFFFFF00604f2a,Kids bath Water Sensor,1574302059693,2019-11-21T02:07:39.693Z,11/21/2019 02:07:39,0,100,80,0,2.9,2C.01.14,192,greenpeak,gpd,0,-59,1,0,0,
8,10017,FFFFFFFF00604f2a,Kids bath Water Sensor,1574302959777,2019-11-21T02:22:39.777Z,11/21/2019 02:22:39,0,100,80,0,2.9,2C.01.14,180,greenpeak,gpd,0,-61,1,0,0,
8,10017,FFFFFFFF00604f2a,Kids bath Water Sensor,1574303859656,2019-11-21T02:37:39.656Z,11/21/2019 02:37:39,0,100,80,0,2.9,2C.01.14,192,greenpeak,gpd,0,-59,1,0,0,
8,10017,FFFFFFFF00604f2a,Kids bath Water Sensor,1574304759733,2019-11-21T02:52:39.733Z,11/21/2019 02:52:39,0,100,80,0,2.9,2C.01.14,192,greenpeak,gpd,0,-59,1,0,0,
8,10017,FFFFFFFF00604f2a,Kids bath Water Sensor,1574305659573,2019-11-21T03:07:39.573Z,11/21/2019 03:07:39,0,100,80,0,2.9,2C.01.14,188,greenpeak,gpd,0,-60,1,0,0,
8,10017,FFFFFFFF00604f2a,Kids bath Water Sensor,1574306559629,2019-11-21T03:22:39.629Z,11/21/2019 03:22:39,0,100,80,0,2.9,2C.01.14,216,greenpeak,gpd,0,-55,1,0,0,
8,10017,FFFFFFFF00604f2a,Kids bath Water Sensor,1574307459481,2019-11-21T03:37:39.481Z,11/21/2019 03:37:39,0,100,80,0,2.9,2C.01.14,176,greenpeak,gpd,0,-62,1,0,0,
8,10017,FFFFFFFF00604f2a,Kids bath Water Sensor,1574308359444,2019-11-21T03:52:39.444Z,11/21/2019 03:52:39,0,100,80,0,2.9,2C.01.14,216,greenpeak,gpd,0,-55,1,0,0,
8,10017,FFFFFFFF00604f2a,Kids bath Water Sensor,1574309259549,2019-11-21T04:07:39.549Z,11/21/2019 04:07:39,0,100,80,0,2.9,2C.01.14,180,greenpeak,gpd,0,-61,1,0,0,
8,10017,FFFFFFFF00604f2a,Kids bath Water Sensor,1574310159498,2019-11-21T04:22:39.498Z,11/21/2019 04:22:39,0,100,80,0,2.9,2C.01.14,216,greenpeak,gpd,0,-55,1,0,0,
8,10017,FFFFFFFF00604f2a,Kids bath Water Sensor,1574311059457,2019-11-21T04:37:39.457Z,11/21/2019 04:37:39,0,100,80,0,2.9,2C.01.14,172,greenpeak,gpd,0,-62,1,0,0,
8,10017,FFFFFFFF00604f2a,Kids bath Water Sensor,1574311959586,2019-11-21T04:52:39.586Z,11/21/2019 04:52:39,0,100,80,0,2.9,2C.01.14,216,greenpeak,gpd,0,-55,1,0,0,
8,10017,FFFFFFFF00604f2a,Kids bath Water Sensor,1574312859399,2019-11-21T05:07:39.399Z,11/21/2019 05:07:39,0,100,80,0,2.9,2C.01.14,216,greenpeak,gpd,0,-55,1,0,0,
8,10017,FFFFFFFF00604f2a,Kids bath Water Sensor,1574313759354,2019-11-21T05:22:39.354Z,11/21/2019 05:22:39,0,100,80,0,2.9,2C.01.14,176,greenpeak,gpd,0,-62,1,0,0,
8,10017,FFFFFFFF00604f2a,Kids bath Water Sensor,1574314659372,2019-11-21T05:37:39.372Z,11/21/2019 05:37:39,0,100,80,0,2.9,2C.01.14,164,greenpeak,gpd,0,-63,1,0,0,
8,10017,FFFFFFFF00604f2a,Kids bath Water Sensor,1574315559288,2019-11-21T05:52:39.288Z,11/21/2019 05:52:39,0,100,80,0,2.9,2C.01.14,168,greenpeak,gpd,0,-63,1,0,0,
8,10017,FFFFFFFF00604f2a,Kids bath Water Sensor,1574317359201,2019-11-21T06:22:39.201Z,11/21/2019 06:22:39,0,100,80,0,2.9,2C.01.14,168,greenpeak,gpd,0,-63,1,0,0,
8,10017,FFFFFFFF00604f2a,Kids bath Water Sensor,1574317362114,2019-11-21T06:22:42.114Z,11/21/2019 06:22:42,0,100,80,0,2.9,2C.01.14,216,greenpeak,gpd,0,-55,1,0,0,
8,10017,FFFFFFFF00604f2a,Kids bath Water Sensor,1574318259319,2019-11-21T06:37:39.319Z,11/21/2019 06:37:39,0,100,80,0,2.9,2C.01.14,204,greenpeak,gpd,0,-57,1,0,0,
8,10017,FFFFFFFF00604f2a,Kids bath Water Sensor,1574319159214,2019-11-21T06:52:39.214Z,11/21/2019 06:52:39,0,100,80,0,2.9,2C.01.14,168,greenpeak,gpd,0,-63,1,0,0,
8,10017,FFFFFFFF00604f2a,Kids bath Water Sensor,1574320059098,2019-11-21T07:07:39.098Z,11/21/2019 07:07:39,0,100,80,0,2.9,2C.01.14,176,greenpeak,gpd,0,-62,1,0,0,
8,10017,FFFFFFFF00604f2a,Kids bath Water Sensor,1574320959087,2019-11-21T07:22:39.087Z,11/21/2019 07:22:39,0,100,80,0,2.9,2C.01.14,212,greenpeak,gpd,0,-56,1,0,0,
8,10017,FFFFFFFF00604f2a,Kids bath Water Sensor,1574321859061,2019-11-21T07:37:39.061Z,11/21/2019 07:37:39,0,100,80,0,2.9,2C.01.14,172,greenpeak,gpd,0,-62,1,0,0,
8,10017,FFFFFFFF00604f2a,Kids bath Water Sensor,1574322759172,2019-11-21T07:52:39.172Z,11/21/2019 07:52:39,0,100,80,0,2.9,2C.01.14,216,greenpeak,gpd,0,-55,1,0,0,
8,10017,FFFFFFFF00604f2a,Kids bath Water Sensor,1574323659129,2019-11-21T08:07:39.129Z,11/21/2019 08:07:39,0,100,80,0,2.9,2C.01.14,212,greenpeak,gpd,0,-56,1,0,0,
8,10017,FFFFFFFF00604f2a,Kids bath Water Sensor,1574324558975,2019-11-21T08:22:38.975Z,11/21/2019 08:22:38,0,100,80,0,2.9,2C.01.14,172,greenpeak,gpd,0,-62,1,0,0,
8,10017,FFFFFFFF00604f2a,Kids bath Water Sensor,1574325458983,2019-11-21T08:37:38.983Z,11/21/2019 08:37:38,0,100,80,0,2.9,2C.01.14,216,greenpeak,gpd,0,-55,1,0,0,
8,10017,FFFFFFFF00604f2a,Kids bath Water Sensor,1574326358960,2019-11-21T08:52:38.960Z,11/21/2019 08:52:38,0,100,80,0,2.9,2C.01.14,168,greenpeak,gpd,0,-63,1,0,0,
8,10017,FFFFFFFF00604f2a,Kids bath Water Sensor,1574327258813,2019-11-21T09:07:38.813Z,11/21/2019 09:07:38,0,100,80,0,2.9,2C.01.14,216,greenpeak,gpd,0,-55,1,0,0,
8,10017,FFFFFFFF00604f2a,Kids bath Water Sensor,1574328158979,2019-11-21T09:22:38.979Z,11/21/2019 09:22:38,0,100,80,0,2.9,2C.01.14,212,greenpeak,gpd,0,-56,1,0,0,
8,10017,FFFFFFFF00604f2a,Kids bath Water Sensor,1574329058786,2019-11-21T09:37:38.786Z,11/21/2019 09:37:38,0,100,80,0,2.9,2C.01.14,168,greenpeak,gpd,0,-63,1,0,0,
8,10017,FFFFFFFF00604f2a,Kids bath Water Sensor,1574329958894,2019-11-21T09:52:38.894Z,11/21/2019 09:52:38,0,100,80,0,2.9,2C.01.14,216,greenpeak,gpd,0,-55,1,0,0,
8,10017,FFFFFFFF00604f2a,Kids bath Water Sensor,1574330858853,2019-11-21T10:07:38.853Z,11/21/2019 10:07:38,0,100,80,0,2.9,2C.01.14,180,greenpeak,gpd,0,-61,1,0,0,
8,10017,FFFFFFFF00604f2a,Kids bath Water Sensor,1574331758692,2019-11-21T10:22:38.692Z,11/21/2019 10:22:38,0,100,80,0,2.9,2C.01.14,212,greenpeak,gpd,0,-56,1,0,0,
8,10017,FFFFFFFF00604f2a,Kids bath Water Sensor,1574332658824,2019-11-21T10:37:38.824Z,11/21/2019 10:37:38,0,100,80,0,2.9,2C.01.14,172,greenpeak,gpd,0,-62,1,0,0,
8,10017,FFFFFFFF00604f2a,Kids bath Water Sensor,1574333558615,2019-11-21T10:52:38.615Z,11/21/2019 10:52:38,0,100,80,0,2.9,2C.01.14,216,greenpeak,gpd,0,-55,1,0,0,
8,10017,FFFFFFFF00604f2a,Kids bath Water Sensor,1574334458596,2019-11-21T11:07:38.596Z,11/21/2019 11:07:38,0,100,80,0,2.9,2C.01.14,216,greenpeak,gpd,0,-55,1,0,0,
8,10017,FFFFFFFF00604f2a,Kids bath Water Sensor,1574335358666,2019-11-21T11:22:38.666Z,11/21/2019 11:22:38,0,100,80,0,2.9,2C.01.14,176,greenpeak,gpd,0,-62,1,0,0,
8,10017,FFFFFFFF00604f2a,Kids bath Water Sensor,1574336258598,2019-11-21T11:37:38.598Z,11/21/2019 11:37:38,0,100,80,0,2.9,2C.01.14,204,greenpeak,gpd,0,-57,1,0,0,
8,10017,FFFFFFFF00604f2a,Kids bath Water Sensor,1574337158616,2019-11-21T11:52:38.616Z,11/21/2019 11:52:38,0,100,80,0,2.9,2C.01.14,216,greenpeak,gpd,0,-55,1,0,0,
8,10017,FFFFFFFF00604f2a,Kids bath Water Sensor,1574338058520,2019-11-21T12:07:38.520Z,11/21/2019 12:07:38,0,100,80,0,2.9,2C.01.14,168,greenpeak,gpd,0,-63,1,0,0,
8,10017,FFFFFFFF00604f2a,Kids bath Water Sensor,1574338958488,2019-11-21T12:22:38.488Z,11/21/2019 12:22:38,0,100,80,0,2.9,2C.01.14,188,greenpeak,gpd,0,-60,1,0,0,
8,10017,FFFFFFFF00604f2a,Kids bath Water Sensor,1574338961405,2019-11-21T12:22:41.405Z,11/21/2019 12:22:41,0,100,80,0,2.9,2C.01.14,200,greenpeak,gpd,0,-58,1,0,0,
8,10017,FFFFFFFF00604f2a,Kids bath Water Sensor,1574339858571,2019-11-21T12:37:38.571Z,11/21/2019 12:37:38,0,100,80,0,2.9,2C.01.14,196,greenpeak,gpd,0,-58,1,0,0,
8,10017,FFFFFFFF00604f2a,Kids bath Water Sensor,1574340758424,2019-11-21T12:52:38.424Z,11/21/2019 12:52:38,0,100,80,0,2.9,2C.01.14,196,greenpeak,gpd,0,-58,1,0,0,
8,10017,FFFFFFFF00604f2a,Kids bath Water Sensor,1574341658336,2019-11-21T13:07:38.336Z,11/21/2019 13:07:38,0,100,80,0,2.9,2C.01.14,192,greenpeak,gpd,0,-59,1,0,0,
8,10017,FFFFFFFF00604f2a,Kids bath Water Sensor,1574342558463,2019-11-21T13:22:38.463Z,11/21/2019 13:22:38,0,100,80,0,2.9,2C.01.14,188,greenpeak,gpd,0,-60,1,0,0,
8,10017,FFFFFFFF00604f2a,Kids bath Water Sensor,1574343458350,2019-11-21T13:37:38.350Z,11/21/2019 13:37:38,0,100,80,0,2.9,2C.01.14,188,greenpeak,gpd,0,-60,1,0,0,
8,10017,FFFFFFFF00604f2a,Kids bath Water Sensor,1574344358390,2019-11-21T13:52:38.390Z,11/21/2019 13:52:38,0,100,80,0,2.9,2C.01.14,204,greenpeak,gpd,0,-57,1,0,0,
8,10017,FFFFFFFF00604f2a,Kids bath Water Sensor,1574345258446,2019-11-21T14:07:38.446Z,11/21/2019 14:07:38,0,100,80,0,2.9,2C.01.14,184,greenpeak,gpd,0,-60,1,0,0,
8,10017,FFFFFFFF00604f2a,Kids bath Water Sensor,1574346158188,2019-11-21T14:22:38.188Z,11/21/2019 14:22:38,0,100,80,0,2.9,2C.01.14,200,greenpeak,gpd,0,-58,1,0,0,
8,10017,FFFFFFFF00604f2a,Kids bath Water Sensor,1574347058206,2019-11-21T14:37:38.206Z,11/21/2019 14:37:38,0,100,80,0,2.9,2C.01.14,192,greenpeak,gpd,0,-59,1,0,0,
8,10017,FFFFFFFF00604f2a,Kids bath Water Sensor,1574347958149,2019-11-21T14:52:38.149Z,11/21/2019 14:52:38,0,100,80,0,2.9,2C.01.14,188,greenpeak,gpd,0,-60,1,0,0,
8,10017,FFFFFFFF00604f2a,Kids bath Water Sensor,1574348858159,2019-11-21T15:07:38.159Z,11/21/2019 15:07:38,0,100,80,0,2.9,2C.01.14,188,greenpeak,gpd,0,-60,1,0,0,
8,10017,FFFFFFFF00604f2a,Kids bath Water Sensor,1574349758089,2019-11-21T15:22:38.089Z,11/21/2019 15:22:38,0,100,80,0,2.9,2C.01.14,212,greenpeak,gpd,0,-56,1,0,0,
8,10017,FFFFFFFF00604f2a,Kids bath Water Sensor,1574350658178,2019-11-21T15:37:38.178Z,11/21/2019 15:37:38,0,100,80,0,2.9,2C.01.14,188,greenpeak,gpd,0,-60,1,0,0,
8,10017,FFFFFFFF00604f2a,Kids bath Water Sensor,1574351558132,2019-11-21T15:52:38.132Z,11/21/2019 15:52:38,0,100,80,0,2.9,2C.01.14,212,greenpeak,gpd,0,-56,1,0,0,
8,10017,FFFFFFFF00604f2a,Kids bath Water Sensor,1574352458037,2019-11-21T16:07:38.037Z,11/21/2019 16:07:38,0,100,80,0,2.9,2C.01.14,192,greenpeak,gpd,0,-59,1,0,0,
8,10017,FFFFFFFF00604f2a,Kids bath Water Sensor,1574353358116,2019-11-21T16:22:38.116Z,11/21/2019 16:22:38,0,100,80,0,2.9,2C.01.14,188,greenpeak,gpd,0,-60,1,0,0,
8,10017,FFFFFFFF00604f2a,Kids bath Water Sensor,1574354258022,2019-11-21T16:37:38.022Z,11/21/2019 16:37:38,0,100,80,0,2.9,2C.01.14,196,greenpeak,gpd,0,-58,1,0,0,
8,10017,FFFFFFFF00604f2a,Kids bath Water Sensor,1574355157870,2019-11-21T16:52:37.870Z,11/21/2019 16:52:37,0,100,80,0,2.9,2C.01.14,212,greenpeak,gpd,0,-56,1,0,0,
8,10017,FFFFFFFF00604f2a,Kids bath Water Sensor,1574356057921,2019-11-21T17:07:37.921Z,11/21/2019 17:07:37,0,100,80,0,2.9,2C.01.14,192,greenpeak,gpd,0,-59,1,0,0,
8,10017,FFFFFFFF00604f2a,Kids bath Water Sensor,1574356957988,2019-11-21T17:22:37.988Z,11/21/2019 17:22:37,0,100,80,0,2.9,2C.01.14,172,greenpeak,gpd,0,-62,1,0,0,
8,10017,FFFFFFFF00604f2a,Kids bath Water Sensor,1574357857976,2019-11-21T17:37:37.976Z,11/21/2019 17:37:37,0,100,80,0,2.9,2C.01.14,200,greenpeak,gpd,0,-58,1,0,0,
8,10017,FFFFFFFF00604f2a,Kids bath Water Sensor,1574358757857,2019-11-21T17:52:37.857Z,11/21/2019 17:52:37,0,100,80,0,2.9,2C.01.14,208,greenpeak,gpd,0,-56,1,0,0,
8,10017,FFFFFFFF00604f2a,Kids bath Water Sensor,1574359657835,2019-11-21T18:07:37.835Z,11/21/2019 18:07:37,0,100,80,0,2.9,2C.01.14,204,greenpeak,gpd,0,-57,1,0,0,
8,10017,FFFFFFFF00604f2a,Kids bath Water Sensor,1574360558045,2019-11-21T18:22:38.045Z,11/21/2019 18:22:38,0,100,80,0,2.9,2C.01.14,204,greenpeak,gpd,0,-57,1,0,0,
8,10017,FFFFFFFF00604f2a,Kids bath Water Sensor,1574360560661,2019-11-21T18:22:40.661Z,11/21/2019 18:22:40,0,100,80,0,2.9,2C.01.14,168,greenpeak,gpd,0,-63,1,0,0,
8,10017,FFFFFFFF00604f2a,Kids bath Water Sensor,1574361457710,2019-11-21T18:37:37.710Z,11/21/2019 18:37:37,0,100,80,0,2.9,2C.01.14,204,greenpeak,gpd,0,-57,1,0,0,
8,10017,FFFFFFFF00604f2a,Kids bath Water Sensor,1574362357829,2019-11-21T18:52:37.829Z,11/21/2019 18:52:37,0,100,80,0,2.9,2C.01.14,172,greenpeak,gpd,0,-62,1,0,0,
8,10017,FFFFFFFF00604f2a,Kids bath Water Sensor,1574363257721,2019-11-21T19:07:37.721Z,11/21/2019 19:07:37,0,100,80,0,2.9,2C.01.14,204,greenpeak,gpd,0,-57,1,0,0,
8,10017,FFFFFFFF00604f2a,Kids bath Water Sensor,1574364157762,2019-11-21T19:22:37.762Z,11/21/2019 19:22:37,0,100,80,0,2.9,2C.01.14,188,greenpeak,gpd,0,-60,1,0,0,
8,10017,FFFFFFFF00604f2a,Kids bath Water Sensor,1574365057614,2019-11-21T19:37:37.614Z,11/21/2019 19:37:37,0,100,80,0,2.9,2C.01.14,204,greenpeak,gpd,0,-57,1,0,0,
8,10017,FFFFFFFF00604f2a,Kids bath Water Sensor,1574365957632,2019-11-21T19:52:37.632Z,11/21/2019 19:52:37,0,100,80,0,2.9,2C.01.14,188,greenpeak,gpd,0,-60,1,0,0,
8,10017,FFFFFFFF00604f2a,Kids bath Water Sensor,1574366857611,2019-11-21T20:07:37.611Z,11/21/2019 20:07:37,0,100,80,0,2.9,2C.01.14,188,greenpeak,gpd,0,-60,1,0,0,
8,10017,FFFFFFFF00604f2a,Kids bath Water Sensor,1574367757536,2019-11-21T20:22:37.536Z,11/21/2019 20:22:37,0,100,80,0,2.9,2C.01.14,184,greenpeak,gpd,0,-60,1,0,0,
8,10017,FFFFFFFF00604f2a,Kids bath Water Sensor,1574368657674,2019-11-21T20:37:37.674Z,11/21/2019 20:37:37,0,100,80,0,2.9,2C.01.14,192,greenpeak,gpd,0,-59,1,0,0,
8,10017,FFFFFFFF00604f2a,Kids bath Water Sensor,1574369557597,2019-11-21T20:52:37.597Z,11/21/2019 20:52:37,0,100,80,0,2.9,2C.01.14,204,greenpeak,gpd,0,-57,1,0,0,
8,10017,FFFFFFFF00604f2a,Kids bath Water Sensor,1574370457456,2019-11-21T21:07:37.456Z,11/21/2019 21:07:37,0,100,80,0,2.9,2C.01.14,208,greenpeak,gpd,0,-56,1,0,0,
8,10017,FFFFFFFF00604f2a,Kids bath Water Sensor,1574371357461,2019-11-21T21:22:37.461Z,11/21/2019 21:22:37,0,100,80,0,2.9,2C.01.14,176,greenpeak,gpd,0,-62,1,0,0,
8,10017,FFFFFFFF00604f2a,Kids bath Water Sensor,1574372257438,2019-11-21T21:37:37.438Z,11/21/2019 21:37:37,0,100,80,0,2.9,2C.01.14,184,greenpeak,gpd,0,-60,1,0,0,
8,10017,FFFFFFFF00604f2a,Kids bath Water Sensor,1574373157482,2019-11-21T21:52:37.482Z,11/21/2019 21:52:37,0,100,80,0,2.9,2C.01.14,204,greenpeak,gpd,0,-57,1,0,0,
8,10017,FFFFFFFF00604f2a,Kids bath Water Sensor,1574374057321,2019-11-21T22:07:37.321Z,11/21/2019 22:07:37,0,100,80,0,2.9,2C.01.14,188,greenpeak,gpd,0,-60,1,0,0,
8,10017,FFFFFFFF00604f2a,Kids bath Water Sensor,1574374957213,2019-11-21T22:22:37.213Z,11/21/2019 22:22:37,0,100,80,0,2.9,2C.01.14,192,greenpeak,gpd,0,-59,1,0,0,
8,10017,FFFFFFFF00604f2a,Kids bath Water Sensor,1574375857237,2019-11-21T22:37:37.237Z,11/21/2019 22:37:37,0,100,80,0,2.9,2C.01.14,208,greenpeak,gpd,0,-56,1,0,0,
8,10017,FFFFFFFF00604f2a,Kids bath Water Sensor,1574376757242,2019-11-21T22:52:37.242Z,11/21/2019 22:52:37,0,100,80,0,2.9,2C.01.14,200,greenpeak,gpd,0,-58,1,0,0,
8,10017,FFFFFFFF00604f2a,Kids bath Water Sensor,1574377657303,2019-11-21T23:07:37.303Z,11/21/2019 23:07:37,0,100,80,0,2.9,2C.01.14,204,greenpeak,gpd,0,-57,1,0,0,
8,10017,FFFFFFFF00604f2a,Kids bath Water Sensor,1574379457176,2019-11-21T23:37:37.176Z,11/21/2019 23:37:37,0,100,80,0,2.9,2C.01.14,204,greenpeak,gpd,0,-57,1,0,0,
8,10017,FFFFFFFF00604f2a,Kids bath Water Sensor,1574380357084,2019-11-21T23:52:37.084Z,11/21/2019 23:52:37,0,100,80,0,2.9,2C.01.14,196,greenpeak,gpd,0,-58,1,0,0,
8,10017,FFFFFFFF00604f2a,Kids bath Water Sensor,1574381257100,2019-11-22T00:07:37.100Z,11/22/2019 00:07:37,0,100,80,0,2.9,2C.01.14,204,greenpeak,gpd,0,-57,1,0,0,
8,10017,FFFFFFFF00604f2a,Kids bath Water Sensor,1574382157087,2019-11-22T00:22:37.087Z,11/22/2019 00:22:37,0,100,80,0,2.9,2C.01.14,204,greenpeak,gpd,0,-57,1,0,0,
8,10017,FFFFFFFF00604f2a,Kids bath Water Sensor,1574382159943,2019-11-22T00:22:39.943Z,11/22/2019 00:22:39,0,100,80,0,2.9,2C.01.14,196,greenpeak,gpd,0,-58,1,0,0,
8,10017,FFFFFFFF00604f2a,Kids bath Water Sensor,1574383057066,2019-11-22T00:37:37.066Z,11/22/2019 00:37:37,0,100,80,0,2.9,2C.01.14,204,greenpeak,gpd,0,-57,1,0,0,
8,10017,FFFFFFFF00604f2a,Kids bath Water Sensor,1574383956972,2019-11-22T00:52:36.972Z,11/22/2019 00:52:36,0,100,80,0,2.9,2C.01.14,196,greenpeak,gpd,0,-58,1,0,0,
8,10017,FFFFFFFF00604f2a,Kids bath Water Sensor,1574385756922,2019-11-22T01:22:36.922Z,11/22/2019 01:22:36,0,100,80,0,2.9,2C.01.14,196,greenpeak,gpd,0,-58,1,0,0,
8,10017,FFFFFFFF00604f2a,Kids bath Water Sensor,1574386656905,2019-11-22T01:37:36.905Z,11/22/2019 01:37:36,0,100,80,0,2.9,2C.01.14,180,greenpeak,gpd,0,-61,1,0,0,
8,10017,FFFFFFFF00604f2a,Kids bath Water Sensor,1574387556891,2019-11-22T01:52:36.891Z,11/22/2019 01:52:36,0,100,80,0,2.9,2C.01.14,176,greenpeak,gpd,0,-62,1,0,0,
8,10017,FFFFFFFF00604f2a,Kids bath Water Sensor,1574388456816,2019-11-22T02:07:36.816Z,11/22/2019 02:07:36,0,100,80,0,2.9,2C.01.14,208,greenpeak,gpd,0,-56,1,0,0,
8,10017,FFFFFFFF00604f2a,Kids bath Water Sensor,1574389356922,2019-11-22T02:22:36.922Z,11/22/2019 02:22:36,0,100,80,0,2.9,2C.01.14,208,greenpeak,gpd,0,-56,1,0,0,
8,10017,FFFFFFFF00604f2a,Kids bath Water Sensor,1574390256723,2019-11-22T02:37:36.723Z,11/22/2019 02:37:36,0,100,80,0,2.9,2C.01.14,188,greenpeak,gpd,0,-60,1,0,0,
8,10017,FFFFFFFF00604f2a,Kids bath Water Sensor,1574391156890,2019-11-22T02:52:36.890Z,11/22/2019 02:52:36,0,100,80,0,2.9,2C.01.14,208,greenpeak,gpd,0,-56,1,0,0,
8,10017,FFFFFFFF00604f2a,Kids bath Water Sensor,1574392056724,2019-11-22T03:07:36.724Z,11/22/2019 03:07:36,0,100,80,0,2.9,2C.01.14,204,greenpeak,gpd,0,-57,1,0,0,
8,10017,FFFFFFFF00604f2a,Kids bath Water Sensor,1574392956682,2019-11-22T03:22:36.682Z,11/22/2019 03:22:36,0,100,80,0,2.9,2C.01.14,196,greenpeak,gpd,0,-58,1,0,0,
8,10017,FFFFFFFF00604f2a,Kids bath Water Sensor,1574393856670,2019-11-22T03:37:36.670Z,11/22/2019 03:37:36,0,100,80,0,2.9,2C.01.14,152,greenpeak,gpd,0,-65,1,0,0,
8,10017,FFFFFFFF00604f2a,Kids bath Water Sensor,1574394756707,2019-11-22T03:52:36.707Z,11/22/2019 03:52:36,0,100,80,0,2.9,2C.01.14,196,greenpeak,gpd,0,-58,1,0,0,
8,10017,FFFFFFFF00604f2a,Kids bath Water Sensor,1574792546121,2019-11-26T18:22:26.121Z,11/26/2019 18:22:26,0,100,80,0,2.8,2C.01.14,196,greenpeak,gpd,0,-58,1,0,0,
8,10017,FFFFFFFF00604f2a,Kids bath Water Sensor,1574900542487,2019-11-28T00:22:22.487Z,11/28/2019 00:22:22,0,100,80,0,2.9,2C.01.14,196,greenpeak,gpd,0,-58,1,0,0,
8,10017,FFFFFFFF00604f2a,Kids bath Water Sensor,1574965340357,2019-11-28T18:22:20.357Z,11/28/2019 18:22:20,0,100,80,0,2.8,2C.01.14,196,greenpeak,gpd,0,-58,1,0,0,
8,10017,FFFFFFFF00604f2a,Kids bath Water Sensor,1575008538774,2019-11-29T06:22:18.774Z,11/29/2019 06:22:18,0,100,80,0,2.9,2C.01.14,196,greenpeak,gpd,0,-58,1,0,0,
8,10017,FFFFFFFF00604f2a,Kids bath Water Sensor,1575030138164,2019-11-29T12:22:18.164Z,11/29/2019 12:22:18,0,100,80,0,2.8,2C.01.14,196,greenpeak,gpd,0,-58,1,0,0,
8,10017,FFFFFFFF00604f2a,Kids bath Water Sensor,1575138134506,2019-11-30T18:22:14.506Z,11/30/2019 18:22:14,0,100,80,0,2.9,2C.01.14,196,greenpeak,gpd,0,-58,1,0,0,
8,10017,FFFFFFFF00604f2a,Kids bath Water Sensor,1575236332686,2019-12-01T21:38:52.686Z,12/01/2019 21:38:52,0,100,80,0,2.9,2C.01.14,196,greenpeak,gpd,0,-58,1,0,1,
8,10017,FFFFFFFF00604f2a,Kids bath Water Sensor,1575236333488,2019-12-01T21:38:53.488Z,12/01/2019 21:38:53,0,100,80,0,2.9,2C.01.14,196,greenpeak,gpd,0,-58,1,0,0,
8,10017,FFFFFFFF00604f2a,Kids bath Water Sensor,1575236334483,2019-12-01T21:38:54.483Z,12/01/2019 21:38:54,0,100,80,0,2.9,2C.01.14,196,greenpeak,gpd,0,-58,1,0,1,
8,10017,FFFFFFFF00604f2a,Kids bath Water Sensor,1575236568046,2019-12-01T21:42:48.046Z,12/01/2019 21:42:48,0,100,80,0,2.9,2C.01.14,196,greenpeak,gpd,0,-58,1,0,0,
8,10017,FFFFFFFF00604f2a,Kids bath Water Sensor,1575332527919,2019-12-03T00:22:07.919Z,12/03/2019 00:22:07,0,100,80,0,2.8,2C.01.14,196,greenpeak,gpd,0,-58,1,0,0,
8,10017,FFFFFFFF00604f2a,Kids bath Water Sensor,1575850910637,2019-12-09T00:21:50.637Z,12/09/2019 00:21:50,0,100,80,0,2.9,2C.01.14,196,greenpeak,gpd,0,-58,1,0,0,
8,10017,FFFFFFFF00604f2a,Kids bath Water Sensor,1576974073042,2019-12-22T00:21:13.042Z,12/22/2019 00:21:13,0,100,80,0,2.8,2C.01.14,196,greenpeak,gpd,0,-58,1,0,0,
8,10017,FFFFFFFF00604f2a,Kids bath Water Sensor,1576995672176,2019-12-22T06:21:12.176Z,12/22/2019 06:21:12,0,100,80,0,2.9,2C.01.14,196,greenpeak,gpd,0,-58,1,0,0,
8,10017,FFFFFFFF00604f2a,Kids bath Water Sensor,1579198798684,2020-01-16T18:19:58.684Z,01/16/2020 18:19:58,0,100,80,0,2.8,2C.01.14,196,greenpeak,gpd,0,-58,1,0,0,
8,10017,FFFFFFFF00604f2a,Kids bath Water Sensor,1579220397985,2020-01-17T00:19:57.985Z,01/17/2020 00:19:57,0,100,80,0,2.9,2C.01.14,196,greenpeak,gpd,0,-58,1,0,0,
